Workbook
Name _2Excel_BuiltIn_Print_Area_1_1: #REF!
Name _2Excel_BuiltIn_Print_Area_1_1: #REF!
Name _2Excel_BuiltIn_Print_Area_1_1: #REF!
Name _h: NA()
Name Bappenas: #REF!
Name Bappenas: #REF!
Name Bappenas: #REF!
Name Excel_BuiltIn_Print_Area: #REF!
Name Excel_BuiltIn_Print_Area: #REF!
Name Excel_BuiltIn_Print_Area: #REF!
Name H: NA()
Name KATEGORI: [1]Sheet1!$A$2:$A$9
Name KATEGORI_2010: [1]Sheet1!$A$2:$A$55
Name KATEGORI_BESAR: [1]Sheet1!$R$2:$R$19
Name Nama_KabKota: [2]Sheet2!$F$2:$F$38
Name Nama_Provinsi: [2]Sheet2!$A$2:$A$35
Name NamaTabel: OFFSET(INDIRECT("S3R!$"&[2]S2LP!$G$2&"$6"),0,0,1,[2]S2LP!$G$1)
Name PRINT_AREA_MI: #REF!
Name PRINT_AREA_MI: #REF!
Name PRINT_AREA_MI: #REF!
Name PROVINSI_ADJ: [1]Sheet1!$E$2:$E$34
Name Tabel: OFFSET(INDIRECT("S3R!$"&[2]S2LP!$G$2&"$"&[2]S2LP!$H$1),0,0,1,[2]S2LP!$G$1)
Name TabelKab: OFFSET(INDIRECT("S3R!$"&[2]S2LP!$G$2&"$"&[2]S2LP!$H$2),0,0,1,[2]S2LP!$G$1)
Name TabelKabTotal: OFFSET(INDIRECT("S3R!$"&[2]S2LP!$G$2&"$170"),0,0,1,[2]S2LP!$G$1)
Name TabelTotal: OFFSET(INDIRECT("S3R!$"&[2]S2LP!$G$2&"$169"),0,0,1,[2]S2LP!$G$1)
Name Tahun: [2]Sheet1!$A$2:$A$18

Sheet maluku
A1: TABEL 1. PDRB SERI 2010 ATAS DASAR HARGA BERLAKU MENURUT LAPANGAN USAHA (JUTA RUPIAH)
A2: Propinsi | B2: : | C2: Maluku | D2: Kabupaten/Kota : | E2: Maluku
A4: Kategori | B4: Uraian | D4: 2008 | I4: =D4+1 -> 2009 | N4: =I4+1 -> 2010 | S4: =N4+1 -> 2011 | X4: =S4+1 -> 2012 | AC4: =X4+1 -> 2013 | AH4: =AC4+1 -> 2014 | AM4: =AH4+1 -> 2015 | AR4: =AM4+1 -> 2016 | AW4: =AR4+1 -> 2017 | BB4: =AW4+1 -> 2018 | BG4: =BB4+1 -> 2019 | BL4: =BG4+1 -> 2020 | BQ4: =BL4+1 -> 2021 | BV4: =BQ4+1 -> 2022 | CA4: =BV4+1 -> 2023 | CF4: =CA4+1 -> 2024 | CK4: =CF4+1 -> 2025
D5: Q1 | E5: Q2 | F5: Q3 | G5: Q4 | H5: Total | I5: Q1 | J5: Q2 | K5: Q3 | L5: Q4 | M5: Total | N5: Q1 | O5: Q2 | P5: Q3 | Q5: Q4 | R5: Total | S5: Q1 | T5: Q2 | U5: Q3 | V5: Q4 | W5: Total | X5: Q1 | Y5: Q2 | Z5: Q3 | AA5: Q4 | AB5: Total | AC5: Q1 | AD5: Q2 | AE5: Q3 | AF5: Q4 | AG5: Total | AH5: Q1 | AI5: Q2 | AJ5: Q3 | AK5: Q4 | AL5: Total | AM5: Q1 | AN5: Q2 | AO5: Q3 | AP5: Q4 | AQ5: Total | AR5: Q1 | AS5: Q2 | AT5: Q3 | AU5: Q4 | AV5: Total | AW5: Q1 | AX5: Q2 | AY5: Q3 | AZ5: Q4 | BA5: Total | BB5: Q1 | BC5: Q2 | BD5: Q3 | BE5: Q4 | BF5: Total | BG5: Q1 | BH5: Q2 | BI5: Q3 | BJ5: Q4 | BK5: Total | BL5: Q1 | BM5: Q2 | BN5: Q3 | BO5: Q4 | BP5: Total | BQ5: Q1 | BR5: Q2 | BS5: Q3 | BT5: Q4 | BU5: Total | BV5: Q1 | BW5: Q2 | BX5: Q3 | BY5: Q4 | BZ5: Total | CA5: Q1 | CB5: Q2 | CC5: Q3 | CD5: Q4 | CE5: Total | CF5: Q1 | CG5: Q2 | CH5: Q3 | CI5: Q4 | CJ5: Total | CK5: Q1 | CL5: Q2 | CM5: Q3 | CN5: Q4 | CO5: Total
A7: -1 | B7: -2 | D7: -3 | E7: =D7-1 -> -4 | F7: =E7-1 -> -5 | G7: =F7-1 -> -6 | H7: =G7-1 -> -7 | I7: =H7-1 -> -8 | J7: =I7-1 -> -9 | K7: =J7-1 -> -10 | L7: =K7-1 -> -11 | ... CO7: =CN7-1 -> -92
A9: A | B9: Pertanian, Kehutanan, dan Perikanan | D9: 958578.87 | E9: 990788.5 | F9: 992493.91 | G9: 1020263.5 | H9: 3962124.8 | I9: 1049032.3 | J9: 1074124.6 | K9: 1094601.1 | L9: 1163862.4 | M9: 4381620.4 | N9: 1158973 | O9: 1191615.8 | P9: 1223866 | Q9: 1251261.7 | R9: 4825716.6 | S9: 1296381.9 | T9: 1286608.5 | U9: 1343193 | V9: 1422446.3 | W9: 5348629.6 | X9: 1484545.9 | Y9: 1542341.1 | Z9: 1522527.4 | AA9: 1582567.2 | AB9: 6131981.7 | AC9: 1601726.9 | AD9: 1689611.5 | AE9: 1754217.2 | AF9: 1917132.1 | AG9: 6962687.7 | AH9: 1923812.4 | AI9: 1970794.3 | AJ9: 1988457.2 | AK9: 2026274.4 | AL9: 7909338.2 | AM9: 2048715.9 | AN9: 2068589.9 | AO9: 2063091.3 | AP9: 2096252.2 | AQ9: 8276649.4 | AR9: 2141907.8 | AS9: 2175266.4 | AT9: 2235560 | AU9: 2292052.7 | AV9: 8844787 | AW9: 2351780.3 | AX9: 2342467.5 | AY9: 2373551.4 | AZ9: 2424166.9 | BA9: 9491966.1 | BB9: 2433538.3 | BC9: 2449645.5 | BD9: 2525298.3 | BE9: 2636152.3 | BF9: 10044634 | BG9: 2618384.8 | BH9: 2630881.5 | BI9: 2730953.9 | BJ9: 2797203.4 | BK9: 10777424 | BL9: 2774360.8 | BM9: 2733236 | BN9: 2730011.4 | BO9: 2865452.9 | BP9: 11103061 | BQ9: 2759923.7 | BR9: 2766511.1 | BS9: 2823171.2 | BT9: 2931072.4 | BU9: 11280678 | BV9: 2997161.2 | BW9: 3053433 | BX9: 3261774.1 | BY9: 3338781 | BZ9: 12651149 | CA9: =CA10+CA18+CA19 -> 3360700.5 | CB9: =CB10+CB18+CB19 -> 3404414.9 | CC9: =CC10+CC18+CC19 -> 3530666.3 | CD9: =CD10+CD18+CD19 -> 3653918.3 | CE9: =CE10+CE18+CE19 -> 13949700 | CF9: =CF10+CF18+CF19 -> 3612643.6 | CG9: =CG10+CG18+CG19 -> 3569406.6 | CH9: =CH10+CH18+CH19 -> 3783473.5 | ... CO9: =CO10+CO18+CO19 -> 15887003
B10: 1 | C10: Pertanian, Peternakan, Perburuan dan Jasa Pertanian | D10: 446759.34 | E10: 459590.46 | F10: 460577.21 | G10: 472684.55 | H10: 1839611.6 | I10: 483366.61 | J10: 488500.83 | K10: 493362.16 | L10: 514743.29 | M10: 1979972.9 | N10: 515989.57 | O10: 526430.36 | P10: 542752.01 | Q10: 559472.46 | R10: 2144644.4 | S10: 573337.07 | T10: 578256.16 | U10: 600151.44 | V10: 627583.58 | W10: 2379328.3 | X10: 646743.44 | Y10: 664477.51 | Z10: 674749.63 | AA10: 700845 | AB10: 2686815.6 | AC10: 703021.09 | AD10: 735720.48 | AE10: 763426.38 | AF10: 821867.99 | AG10: 3024035.9 | AH10: 813695.17 | AI10: 839063.33 | AJ10: 852032.52 | AK10: 877174.06 | AL10: 3381965.1 | AM10: 884206.94 | AN10: 873412.84 | AO10: 874771.47 | AP10: 891391.04 | AQ10: 3523782.3 | AR10: 936223.92 | AS10: 952090.32 | AT10: 986589.68 | AU10: 1009300.5 | AV10: 3884204.4 | AW10: 1056783.5 | AX10: 1042781.8 | AY10: 1072230.1 | AZ10: 1066031.6 | BA10: 4237827.1 | BB10: 1073409.6 | BC10: 1089885.3 | BD10: 1130365.8 | BE10: 1159948.1 | BF10: 4453608.9 | BG10: 1153180.6 | BH10: 1159560.4 | BI10: 1213209.6 | BJ10: 1222974.1 | BK10: 4748924.7 | BL10: 1203855.3 | BM10: 1216487.5 | BN10: 1212755 | BO10: 1278298.1 | BP10: 4911396 | BQ10: 1174904.4 | BR10: 1179236.4 | BS10: 1191568.9 | BT10: 1263729.2 | BU10: 4809439 | BV10: 1284443.5 | BW10: 1304158.1 | BX10: 1330047.8 | BY10: 1300985.1 | BZ10: 5219634.5 | CA10: =SUM(CA11:CA17) -> 1352753.5 | CB10: =SUM(CB11:CB17) -> 1394479.1 | CC10: =SUM(CC11:CC17) -> 1418381.9 | CD10: =SUM(CD11:CD17) -> 1449265.8 | CE10: =SUM(CE11:CE17) -> 5614880.4 | CF10: =SUM(CF11:CF17) -> 1488477.3 | CG10: =SUM(CG11:CG17) -> 1535709.4 | CH10: =SUM(CH11:CH17) -> 1568468.6 | ... CO10: =SUM(CO11:CO17) -> 6380645.3
C11: a. Tanaman Pangan | D11: 251931.4 | E11: 260513.96 | F11: 256354.99 | G11: 264323.89 | H11: 1033124.2 | I11: 269530.4 | J11: 272268.64 | K11: 271801.45 | L11: 284761.81 | M11: 1098362.3 | N11: 289820.86 | O11: 295740.99 | P11: 302926.8 | Q11: 310003.18 | R11: 1198491.8 | S11: 316352.67 | T11: 316314.46 | U11: 332688.25 | V11: 346553.32 | W11: 1311908.7 | X11: 359786.78 | Y11: 367785.02 | Z11: 368500.42 | AA11: 379821.67 | AB11: 1475893.9 | AC11: 385175.92 | AD11: 400887.15 | AE11: 410585.31 | AF11: 438769.41 | AG11: 1635417.8 | AH11: 447493.01 | AI11: 460399.09 | AJ11: 467056.33 | AK11: 476066.75 | AL11: 1851015.2 | AM11: 492051.39 | AN11: 472676.27 | AO11: 464899.7 | AP11: 468269.48 | AQ11: 1897896.8 | AR11: 508390.88 | AS11: 511519.65 | AT11: 535295.36 | AU11: 553783.61 | AV11: 2108989.5 | AW11: 590904.11 | AX11: 558710.33 | AY11: 580758.84 | AZ11: 573854.53 | BA11: 2304227.8 | BB11: 574331.57 | BC11: 575476.74 | BD11: 596356.97 | BE11: 618534.07 | BF11: 2364699.3 | BG11: 608749.19 | BH11: 610204.28 | BI11: 642952.38 | BJ11: 636652.81 | BK11: 2498558.7 | BL11: 614563.83 | BM11: 628960.66 | BN11: 626449.76 | BO11: 684760.96 | BP11: 2554735.2 | BQ11: 573275.4 | BR11: 566766.1 | BS11: 566605.93 | BT11: 630849.88 | BU11: 2337497.3 | BV11: 639572.63 | BW11: 648111.79 | BX11: 650480.71 | BY11: 608221.13 | BZ11: 2546386.3 | CA11: 657214.75 | CB11: 675688.45 | CC11: 693211.95 | CD11: 684692.64 | CE11: =SUM(CA11:CD11) -> 2710807.8 | CF11: 718437.62 | CG11: 706253.69 | CH11: 775495.77 | CI11: 585772.41 | CJ11: =SUM(CF11:CI11) -> 2785959.5 | CK11: 751266.65 | CL11: 720465.91 | CM11: 817557.24 | CN11: 641604.29 | CO11: =SUM(CK11:CN11) -> 2930894.1
C12: b. Tanaman Hortikultura Semusim | D12: 25548.45 | E12: 26573.72 | F12: 26342.003 | G12: 26861.709 | H12: 105325.88 | I12: 27978.97 | J12: 28275.285 | K12: 28252.492 | L12: 29460.545 | M12: 113967.29 | N12: 30270.261 | O12: 30867.196 | P12: 32202.824 | Q12: 32921.572 | R12: 126261.85 | S12: 34066.652 | T12: 34053.957 | U12: 35479.034 | V12: 37638.55 | W12: 141238.19 | X12: 39217.983 | Y12: 40119.176 | Z12: 40199.64 | AA12: 41390.502 | AB12: 160927.3 | AC12: 42654.213 | AD12: 44392.245 | AE12: 45478.516 | AF12: 48520.072 | AG12: 181045.05 | AH12: 48939.28 | AI12: 49715.22 | AJ12: 50588.54 | AK12: 51854.77 | AL12: 201097.81 | AM12: 52706.27 | AN12: 53163.457 | AO12: 53456.374 | AP12: 54603.187 | AQ12: 213929.29 | AR12: 55759.804 | AS12: 56980.993 | AT12: 57680.065 | AU12: 59542.354 | AV12: 229963.22 | AW12: 60823.19 | AX12: 61691.457 | AY12: 62681.414 | AZ12: 63053.374 | BA12: 248249.44 | BB12: 64974.142 | BC12: 64941.805 | BD12: 66479.181 | BE12: 68905.743 | BF12: 265300.87 | BG12: 70966.109 | BH12: 70750.757 | BI12: 72342.242 | BJ12: 72674.604 | BK12: 286733.71 | BL12: 75604.177 | BM12: 76599.793 | BN12: 72835.687 | BO12: 74276.32 | BP12: 299315.98 | BQ12: 78306.603 | BR12: 80540.066 | BS12: 80948.832 | BT12: 81197.719 | BU12: 320993.22 | BV12: 87327.368 | BW12: 87408.179 | BX12: 90100.204 | BY12: 89966.806 | BZ12: 354802.56 | CA12: 92584.829 | CB12: 92840.298 | CC12: 96847.934 | CD12: 99626.189 | CE12: =SUM(CA12:CD12) -> 381899.25 | CF12: 100475.69 | CG12: 102249.21 | CH12: 104479.87 | CI12: 108671.01 | CJ12: =SUM(CF12:CI12) -> 415875.77 | CK12: 110314.94 | CL12: 114646.4 | CM12: 116352.48 | CN12: 116147.87 | CO12: =SUM(CK12:CN12) -> 457461.69
C13: c. Perkebunan Semusim | D13: 6129.2406 | E13: 6236.704 | F13: 6458.0731 | G13: 6567.6387 | H13: 25391.656 | I13: 6850.9688 | J13: 6918.7163 | K13: 7119.1361 | L13: 7339.3156 | M13: 28228.137 | N13: 7104.8959 | O13: 7269.909 | P13: 7557.1048 | Q13: 8147.2972 | R13: 30079.207 | S13: 8226.0996 | T13: 8359.8295 | U13: 8445.3653 | V13: 8848.4948 | W13: 33879.789 | X13: 9043.8196 | Y13: 9342.8523 | Z13: 9718.5599 | AA13: 10232.283 | AB13: 38337.514 | AC13: 10047.547 | AD13: 10603.293 | AE13: 11229.611 | AF13: 12226.427 | AG13: 44106.878 | AH13: 11520.23 | AI13: 11695.29 | AJ13: 11807.07 | AK13: 12478.55 | AL13: 47501.14 | AM13: 12218.629 | AN13: 12519.504 | AO13: 12643.685 | AP13: 12817.604 | AQ13: 50199.421 | AR13: 12891.875 | AS13: 12924.35 | AT13: 12992.623 | AU13: 13238.338 | AV13: 52047.186 | AW13: 13248.122 | AX13: 13269.162 | AY13: 13346.11 | AZ13: 13288.306 | BA13: 53151.7 | BB13: 13321.164 | BC13: 13380.974 | BD13: 13473.65 | BE13: 13604.637 | BF13: 53780.425 | BG13: 13653.104 | BH13: 13696.559 | BI13: 13715.874 | BJ13: 13744.781 | BK13: 54810.318 | BL13: 13882.938 | BM13: 13987.812 | BN13: 14015.063 | BO13: 14033.24 | BP13: 55919.053 | BQ13: 14090.424 | BR13: 14231.427 | BS13: 14303.985 | BT13: 14414.208 | BU13: 57040.043 | BV13: 14531.176 | BW13: 14687.189 | BX13: 14853.629 | BY13: 14862.664 | BZ13: 58934.658 | CA13: 14893.451 | CB13: 15033.272 | CC13: 14514.907 | CD13: 15991.229 | CE13: =SUM(CA13:CD13) -> 60432.858 | CF13: 14231.176 | CG13: 16233.867 | CH13: 16205.14 | CI13: 15882.618 | CJ13: =SUM(CF13:CI13) -> 62552.801 | CK13: 15924.468 | CL13: 16045.449 | CM13: 16317.055 | CN13: 15617.055 | CO13: =SUM(CK13:CN13) -> 63904.028
C14: d. Tanaman Hortikultura Tahunan dan Lainnya | D14: 250.23183 | E14: 264.64226 | F14: 262.55105 | G14: 268.17841 | H14: 1045.6036 | I14: 274.99865 | J14: 277.79791 | K14: 277.462 | L14: 289.4428 | M14: 1119.7014 | N14: 304.49201 | O14: 305.43592 | P14: 308.70407 | Q14: 310.83411 | R14: 1229.4661 | S14: 327.82109 | T14: 327.56312 | U14: 342.90113 | V14: 360.27698 | W14: 1358.5623 | X14: 382.12612 | Y14: 390.59342 | Z14: 391.53423 | AA14: 403.76478 | AB14: 1568.0185 | AC14: 417.85772 | AD14: 434.69967 | AE14: 445.51398 | AF14: 474.76579 | AG14: 1772.8372 | AH14: 477.17 | AI14: 484.13 | AJ14: 491.42 | AK14: 504.41 | AL14: 1957.13 | AM14: 516.30681 | AN14: 537.0026 | AO14: 537.86073 | AP14: 543.99389 | AQ14: 2135.164 | AR14: 559.13661 | AS14: 566.97415 | AT14: 563.24014 | AU14: 581.0504 | AV14: 2270.4013 | AW14: 603.04061 | AX14: 621.9233 | AY14: 627.89843 | AZ14: 634.60392 | BA14: 2487.4663 | BB14: 659.04194 | BC14: 672.37392 | BD14: 681.40593 | BE14: 689.90368 | BF14: 2702.7255 | BG14: 723.02 | BH14: 724.5 | BI14: 744.44548 | BJ14: 763.89939 | BK14: 2955.8649 | BL14: 790.5824 | BM14: 797.9322 | BN14: 758.60614 | BO14: 789.32 | BP14: 3136.4407 | BQ14: 810.30085 | BR14: 826.52094 | BS14: 831.43013 | BT14: 841.82878 | BU14: 3310.0807 | BV14: 870.44037 | BW14: 896.32365 | BX14: 920.76805 | BY14: 910.34016 | BZ14: 3597.8722 | CA14: 928.98683 | CB14: 952.46173 | CC14: 978.36047 | CD14: 998.94002 | CE14: =SUM(CA14:CD14) -> 3858.749 | CF14: 1018.6867 | CG14: 1048.7641 | CH14: 1071.7583 | CI14: 1105.575 | CJ14: =SUM(CF14:CI14) -> 4244.7841 | CK14: 1111.5802 | CL14: 1131.5575 | CM14: 1145.4612 | CN14: 1166.2589 | CO14: =SUM(CK14:CN14) -> 4554.8578
C15: e. Perkebunan Tahunan | D15: 133627.09 | E15: 135969.96 | F15: 140796.15 | G15: 143184.85 | H15: 553578.05 | I15: 147122.41 | J15: 148480.24 | K15: 152801.03 | L15: 157942.55 | M15: 606346.23 | N15: 154154.93 | O15: 156544.7 | P15: 162546.33 | Q15: 169749.7 | R15: 642995.66 | S15: 174666.68 | T15: 177506.2 | U15: 179322.4 | V15: 187882.15 | W15: 719377.43 | X15: 191148.05 | Y15: 197483.98 | Z15: 205370.89 | AA15: 216528.51 | AB15: 810531.44 | AC15: 213037.62 | AD15: 224931 | AE15: 238134.43 | AF15: 259758.63 | AG15: 935861.68 | AH15: 244166.74 | AI15: 253832.44 | AJ15: 258457.5 | AK15: 270718.27 | AL15: 1027174.9 | AM15: 261112.41 | AN15: 267990.09 | AO15: 275623.52 | AP15: 286107.09 | AQ15: 1090833.1 | AR15: 289777.38 | AS15: 300540.15 | AT15: 309443.12 | AU15: 310124.4 | AV15: 1209885.1 | AW15: 318520.46 | AX15: 333615.47 | AY15: 338950.31 | AZ15: 338529.47 | BA15: 1329615.7 | BB15: 343180.08 | BC15: 356013.62 | BD15: 372504.04 | BE15: 376015.5 | BF15: 1447713.2 | BG15: 377154.01 | BH15: 379788.89 | BI15: 396199.31 | BJ15: 409959.07 | BK15: 1563101.3 | BL15: 410776.35 | BM15: 410580.65 | BN15: 410662.98 | BO15: 415125.77 | BP15: 1647145.7 | BQ15: 419388.4 | BR15: 426063.59 | BS15: 434669.64 | BT15: 441729.57 | BU15: 1721851.2 | BV15: 445502.8 | BW15: 453442.74 | BX15: 469788.51 | BY15: 483677.4 | BZ15: 1852411.4 | CA15: 482230.23 | CB15: 501218.84 | CC15: 504179.42 | CD15: 535601.01 | CE15: =SUM(CA15:CD15) -> 2023229.5 | CF15: 542758.89 | CG15: 592907.98 | CH15: 555208.73 | CI15: 559526.96 | CJ15: =SUM(CF15:CI15) -> 2250402.6 | CK15: 592525.14 | CL15: 601065.48 | CM15: 621583.56 | CN15: 606959.07 | CO15: =SUM(CK15:CN15) -> 2422133.3
C16: f. Peternakan | D16: 20840.167 | E16: 21348.133 | F16: 21635.392 | G16: 22520.735 | H16: 86344.427 | I16: 22423.532 | J16: 22923.756 | K16: 23530.4 | L16: 24755.573 | M16: 93633.261 | N16: 24156.576 | O16: 25371.028 | P16: 26691.84 | Q16: 27647.579 | R16: 103867.02 | S16: 28527.8 | T16: 30530.579 | U16: 32308.189 | V16: 34069.621 | W16: 125436.19 | X16: 34570.036 | Y16: 36267.42 | Z16: 37583.435 | AA16: 38963.035 | AB16: 147383.93 | AC16: 38188.752 | AD16: 40213.567 | AE16: 42692.288 | AF16: 45861.607 | AG16: 166956.21 | AH16: 45090.42 | AI16: 46528.9 | AJ16: 47037.07 | AK16: 48518.22 | AL16: 187174.61 | AM16: 48601.001 | AN16: 48849.824 | AO16: 49730.64 | AP16: 50697.348 | AQ16: 197878.81 | AR16: 50262.951 | AS16: 50567.613 | AT16: 51104.03 | AU16: 52020.814 | AV16: 203955.41 | AW16: 52413.038 | AX16: 54386.013 | AY16: 54723.672 | AZ16: 55473.406 | BA16: 216996.13 | BB16: 55590.002 | BC16: 57907.453 | BD16: 59186.06 | BE16: 60230.111 | BF16: 232913.63 | BG16: 59920.501 | BH16: 62333.174 | BI16: 64685.293 | BJ16: 65965.44 | BK16: 252904.41 | BL16: 65001.972 | BM16: 62301.312 | BN16: 64658.184 | BO16: 65827.87 | BP16: 257789.34 | BQ16: 65510.415 | BR16: 66995.577 | BS16: 70160.523 | BT16: 69991.975 | BU16: 272658.49 | BV16: 71442.486 | BW16: 74194.248 | BX16: 77538.095 | BY16: 76943.129 | BZ16: 300117.96 | CA16: 77827.961 | CB16: 81304.151 | CC16: 81043.973 | CD16: 84337.558 | CE16: =SUM(CA16:CD16) -> 324513.64 | CF16: 83182.486 | CG16: 88442.486 | CH16: 86142.486 | CI16: 92363.78 | CJ16: =SUM(CF16:CI16) -> 350131.24 | CK16: 89781.3 | CL16: 95545.697 | CM16: 93301.183 | CN16: 99943.973 | CO16: =SUM(CK16:CN16) -> 378572.15
C17: g. Jasa Pertanian dan Perburuan | D17: 8432.7671 | E17: 8683.344 | F17: 8728.0506 | G17: 8957.5432 | H17: 34801.705 | I17: 9185.3367 | J17: 9356.3996 | K17: 9580.1995 | L17: 10194.052 | M17: 38315.987 | N17: 10177.561 | O17: 10331.105 | P17: 10518.398 | Q17: 10692.289 | R17: 41719.353 | S17: 11169.349 | T17: 11163.574 | U17: 11565.302 | V17: 12231.171 | W17: 46129.395 | X17: 12594.636 | Y17: 13088.467 | Z17: 12985.148 | AA17: 13505.236 | AB17: 52173.487 | AC17: 13499.178 | AD17: 14258.521 | AE17: 14860.716 | AF17: 16257.083 | AG17: 58875.497 | AH17: 16008.32 | AI17: 16408.26 | AJ17: 16594.59 | AK17: 17033.09 | AL17: 66044.26 | AM17: 17000.94 | AN17: 17676.691 | AO17: 17879.694 | AP17: 18352.329 | AQ17: 70909.653 | AR17: 18581.884 | AS17: 18990.585 | AT17: 19511.239 | AU17: 20009.943 | AV17: 77093.651 | AW17: 20271.579 | AX17: 20487.482 | AY17: 21141.895 | AZ17: 21197.942 | BA17: 83098.899 | BB17: 21353.564 | BC17: 21492.363 | BD17: 21684.54 | BE17: 21968.159 | BF17: 86498.627 | BG17: 22014.671 | BH17: 22062.205 | BI17: 22570.093 | BJ17: 23213.441 | BK17: 89860.41 | BL17: 23235.5 | BM17: 23259.352 | BN17: 23374.771 | BO17: 23484.651 | BP17: 93354.274 | BQ17: 23522.881 | BR17: 23813.133 | BS17: 24048.568 | BT17: 24704.029 | BU17: 96088.611 | BV17: 25196.578 | BW17: 25417.638 | BX17: 26365.885 | BY17: 26403.639 | BZ17: 103383.74 | CA17: 27073.339 | CB17: 27441.67 | CC17: 27605.364 | CD17: 28018.284 | CE17: =SUM(CA17:CD17) -> 110138.66 | CF17: 28372.738 | CG17: 28573.384 | CH17: 29864.807 | CI17: 30108.792 | CJ17: =SUM(CF17:CI17) -> 116919.72 | CK17: 30431.956 | CL17: 30166.64 | CM17: 30836.2 | CN17: 31690.423 | CO17: =SUM(CK17:CN17) -> 123125.22
B18: 2 | C18: Kehutanan dan Penebangan Kayu | D18: 26280.721 | E18: 25987.62 | F18: 27162.285 | G18: 27528.21 | H18: 106958.84 | I18: 26232.609 | J18: 27509.565 | K18: 27380.215 | L18: 27504.478 | M18: 108626.87 | N18: 26049.191 | O18: 27041.331 | P18: 28191.21 | Q18: 28956.063 | R18: 110237.79 | S18: 31209.888 | T18: 31985.969 | U18: 32848.969 | V18: 34907.559 | W18: 130952.39 | X18: 35046.184 | Y18: 36672.021 | Z18: 37119.243 | AA18: 37666.356 | AB18: 146503.8 | AC18: 34700.095 | AD18: 37936.906 | AE18: 41878.406 | AF18: 47132.637 | AG18: 161648.04 | AH18: 44958.26 | AI18: 46302.22 | AJ18: 47297.37 | AK18: 50724.69 | AL18: 189282.54 | AM18: 52199.485 | AN18: 49833.972 | AO18: 50694.228 | AP18: 54136.404 | AQ18: 206864.09 | AR18: 53791.001 | AS18: 50819.463 | AT18: 50838.688 | AU18: 54111.756 | AV18: 209560.91 | AW18: 54017.355 | AX18: 56727.768 | AY18: 56090.048 | AZ18: 58306.376 | BA18: 225141.55 | BB18: 58335.295 | BC18: 61104.135 | BD18: 61564.742 | BE18: 62974.207 | BF18: 243978.38 | BG18: 61301.115 | BH18: 61379.712 | BI18: 63681.42 | BJ18: 67335.392 | BK18: 253697.64 | BL18: 64632.237 | BM18: 61859.32 | BN18: 61007.822 | BO18: 63470.375 | BP18: 250969.75 | BQ18: 62342.497 | BR18: 59776.311 | BS18: 63692.242 | BT18: 71197.283 | BU18: 257008.33 | BV18: 69610.748 | BW18: 70804.291 | BX18: 74658.121 | BY18: 75524.433 | BZ18: 290597.59 | CA18: 70914.998 | CB18: 73238.895 | CC18: 69336.186 | CD18: 70691.922 | CE18: =SUM(CA18:CD18) -> 284182 | CF18: 69059.311 | CG18: 69569.726 | CH18: 71236.787 | CI18: 80747.746 | CJ18: =SUM(CF18:CI18) -> 290613.57 | CK18: 64071.152 | CL18: 73324.699 | CM18: 66091.738 | CN18: 75029.26 | CO18: =SUM(CK18:CN18) -> 278516.85
B19: 3 | C19: Perikanan | D19: 485538.81 | E19: 505210.42 | F19: 504754.42 | G19: 520050.72 | H19: 2015554.4 | I19: 539433.09 | J19: 558114.23 | K19: 573858.7 | L19: 621614.65 | M19: 2293020.7 | N19: 616934.28 | O19: 638144.15 | P19: 652922.82 | Q19: 662833.2 | R19: 2570834.4 | S19: 691834.92 | T19: 676366.35 | U19: 710192.59 | V19: 759955.13 | W19: 2838349 | X19: 802756.31 | Y19: 841191.61 | Z19: 810658.54 | AA19: 844055.82 | AB19: 3298662.3 | AC19: 864005.71 | AD19: 915954.1 | AE19: 948912.41 | AF19: 1048131.5 | AG19: 3777003.7 | AH19: 1065158.9 | AI19: 1085428.8 | AJ19: 1089127.3 | AK19: 1098375.6 | AL19: 4338090.6 | AM19: 1112309.5 | AN19: 1145343 | AO19: 1137625.7 | AP19: 1150724.8 | AQ19: 4546003 | AR19: 1151892.9 | AS19: 1172356.6 | AT19: 1198131.6 | AU19: 1228640.5 | AV19: 4751021.7 | AW19: 1240979.4 | AX19: 1242957.9 | AY19: 1245231.2 | AZ19: 1299828.9 | BA19: 5028997.4 | BB19: 1301793.5 | BC19: 1298656 | BD19: 1333367.7 | BE19: 1413230 | BF19: 5347047.2 | BG19: 1403903 | BH19: 1409941.4 | BI19: 1454062.8 | BJ19: 1506894 | BK19: 5774801.2 | BL19: 1505873.2 | BM19: 1454889.2 | BN19: 1456248.5 | BO19: 1523684.4 | BP19: 5940695.3 | BQ19: 1522676.8 | BR19: 1527498.4 | BS19: 1567910.1 | BT19: 1596145.9 | BU19: 6214231.2 | BV19: 1643107 | BW19: 1678470.6 | BX19: 1857068.2 | BY19: 1962271.5 | BZ19: 7140917.3 | CA19: 1937032 | CB19: 1936696.9 | CC19: 2042948.3 | CD19: 2133960.5 | CE19: =SUM(CA19:CD19) -> 8050637.7 | CF19: 2055107 | CG19: 1964127.5 | CH19: 2143768.2 | CI19: 2341768.2 | CJ19: =SUM(CF19:CI19) -> 8504770.9 | CK19: 2201527.4 | CL19: 2146126.6 | CM19: 2340413.1 | CN19: 2539773.3 | CO19: =SUM(CK19:CN19) -> 9227840.4
A20: B | B20: Pertambangan dan Penggalian | D20: 238217.29 | E20: 235861.59 | F20: 233755.81 | G20: 321494.38 | H20: 1029329.1 | I20: 134291.99 | J20: 127660.42 | K20: 133867 | L20: 136681.86 | M20: 532501.27 | N20: 137456.46 | O20: 143373.83 | P20: 152486.8 | Q20: 146188.58 | R20: 579505.67 | S20: 200662.9 | T20: 210575.33 | U20: 226663.94 | V20: 231773.91 | W20: 869676.07 | X20: 223585.68 | Y20: 235810.33 | Z20: 248666.29 | AA20: 267155.99 | AB20: 975218.3 | AC20: 223322.04 | AD20: 244500.37 | AE20: 267780.03 | AF20: 292784.09 | AG20: 1028386.5 | AH20: 317513.91 | AI20: 337471.8 | AJ20: 343350 | AK20: 271088.64 | AL20: 1269424.3 | AM20: 206026.73 | AN20: 228992.98 | AO20: 210759.84 | AP20: 191377.21 | AQ20: 837156.77 | AR20: 153190.9 | AS20: 184820.81 | AT20: 192303.59 | AU20: 223275.36 | AV20: 753590.66 | AW20: 234332.65 | AX20: 221434.04 | AY20: 219276.86 | AZ20: 237788.51 | BA20: 912832.06 | BB20: 251469.63 | BC20: 280166.23 | BD20: 293754.44 | BE20: 277975.81 | BF20: 1103366.1 | BG20: 256046.36 | BH20: 261915.13 | BI20: 257755.12 | BJ20: 279600.28 | BK20: 1055316.9 | BL20: 250982.29 | BM20: 232108.53 | BN20: 271051.9 | BO20: 261891.45 | BP20: 1016034.2 | BQ20: 273017.17 | BR20: 286916.78 | BS20: 299511 | BT20: 317548.82 | BU20: 1176993.8 | BV20: 359642.85 | BW20: 415511.35 | BX20: 356006.68 | BY20: 278501.51 | BZ20: 1409662.4 | CA20: =SUM(CA21:CA24) -> 248915.19 | CB20: =SUM(CB21:CB24) -> 249428.87 | CC20: =SUM(CC21:CC24) -> 290238.64 | CD20: =SUM(CD21:CD24) -> 293165.57 | CE20: =SUM(CE21:CE24) -> 1081748.3 | CF20: =SUM(CF21:CF24) -> 264170.73 | CG20: =SUM(CG21:CG24) -> 302482.01 | CH20: =SUM(CH21:CH24) -> 261600.7 | ... CO20: =SUM(CO21:CO24) -> 960464.44
B21: 1 | C21: Pertambangan Minyak, Gas dan Panas Bumi | D21: 222488.04 | E21: 219085.77 | F21: 215737.02 | G21: 301273.96 | H21: 958584.79 | I21: 113362.43 | J21: 106432.96 | K21: 110211.03 | L21: 111187.13 | M21: 441193.54 | N21: 112023.51 | O21: 114909.71 | P21: 122475.74 | Q21: 116068.48 | R21: 465477.44 | S21: 168946.09 | T21: 177416.56 | U21: 191705.57 | V21: 192926.46 | W21: 730994.69 | X21: 184661.24 | Y21: 195897.78 | Z21: 208568.83 | AA21: 225232.92 | AB21: 814360.78 | AC21: 185309.12 | AD21: 202414.57 | AE21: 220787.43 | AF21: 240716.66 | AG21: 849227.78 | AH21: 245997.36 | AI21: 267830.57 | AJ21: 271753.29 | AK21: 198072.66 | AL21: 983653.89 | AM21: 145447.96 | AN21: 163265.19 | AO21: 143573.96 | AP21: 122886.71 | AQ21: 575173.81 | AR21: 87465.261 | AS21: 117250.95 | AT21: 122780.17 | AU21: 151009.23 | AV21: 478505.61 | AW21: 164300.44 | AX21: 148791.62 | AY21: 143701.62 | AZ21: 159304.49 | BA21: 616098.17 | BB21: 175420.6 | BC21: 201609.46 | BD21: 211818.08 | BE21: 195507.31 | BF21: 784355.46 | BG21: 175322.83 | BH21: 178382.64 | BI21: 170871.55 | BJ21: 188107.11 | BK21: 712684.13 | BL21: 165436.71 | BM21: 146011.92 | BN21: 184661.31 | BO21: 173674.46 | BP21: 669784.39 | BQ21: 186874.9 | BR21: 194210.65 | BS21: 205408.91 | BT21: 220614.84 | BU21: 807109.3 | BV21: 266648.28 | BW21: 316523.36 | BX21: 255512.98 | BY21: 171026.8 | BZ21: 1009711.4 | CA21: 143713.78 | CB21: 141157.29 | CC21: 177292.52 | CD21: 178853.62 | CE21: =SUM(CA21:CD21) -> 641017.21 | CF21: 152912.08 | CG21: 167938.51 | CH21: 145883.54 | CI21: 106471.93 | CJ21: =SUM(CF21:CI21) -> 573206.06 | CK21: 125987.91 | CL21: 101875.15 | CM21: 105430.25 | CN21: 87762.138 | CO21: =SUM(CK21:CN21) -> 421055.45
B22: 2 | C22: Pertambangan Batubara dan Lignit | D22: 0 | E22: 0 | F22: 0 | G22: 0 | H22: 0 | I22: 0 | J22: 0 | K22: 0 | L22: 0 | M22: 0 | N22: 0 | O22: 0 | P22: 0 | Q22: 0 | R22: 0 | S22: 0 | T22: 0 | U22: 0 | V22: 0 | W22: 0 | X22: 0 | Y22: 0 | Z22: 0 | AA22: 0 | AB22: 0 | AC22: 0 | AD22: 0 | AE22: 0 | AF22: 0 | AG22: 0 | AH22: 0 | AI22: 0 | AJ22: 0 | AK22: 0 | AL22: 0 | AM22: 0 | AN22: 0 | AO22: 0 | AP22: 0 | AQ22: 0 | AR22: 0 | AS22: 0 | AT22: 0 | AU22: 0 | AV22: 0 | AW22: 0 | AX22: 0 | AY22: 0 | AZ22: 0 | BA22: 0 | BB22: 0 | BC22: 0 | BD22: 0 | BE22: 0 | BF22: 0 | BG22: 0 | BH22: 0 | BI22: 0 | BJ22: 0 | BK22: 0 | BL22: 0 | BM22: 0 | BN22: 0 | BO22: 0 | BP22: 0 | BQ22: 0 | BR22: 0 | BS22: 0 | BT22: 0 | BU22: 0 | BV22: 0 | BW22: 0 | BX22: 0 | BY22: 0 | BZ22: 0 | CA22: 0 | CB22: 0 | CC22: 0 | CD22: 0 | CE22: =SUM(CA22:CD22) -> 0 | CF22: 0 | CG22: 0 | CH22: 0 | CI22: 0 | CJ22: =SUM(CF22:CI22) -> 0 | CK22: 0 | CL22: 0 | CM22: 0 | CN22: 0 | CO22: =SUM(CK22:CN22) -> 0
B23: 3 | C23: Pertambangan Bijih Logam | D23: 0 | E23: 0 | F23: 0 | G23: 0 | H23: 0 | I23: 0 | J23: 0 | K23: 0 | L23: 0 | M23: 0 | N23: 0 | O23: 0 | P23: 0 | Q23: 0 | R23: 0 | S23: 793.42194 | T23: 857.69691 | U23: 974.01218 | V23: 1578.679 | W23: 4203.81 | X23: 1845.3422 | Y23: 1110.4338 | Z23: 1062.6494 | AA23: 906.78463 | AB23: 4925.21 | AC23: 404.61657 | AD23: 951.40779 | AE23: 976.7861 | AF23: 941.40954 | AG23: 3274.22 | AH23: 20713.82 | AI23: 17405.712 | AJ23: 17044.402 | AK23: 16127.776 | AL23: 71291.709 | AM23: 5161.3325 | AN23: 5254.8414 | AO23: 5345.043 | AP23: 5268.3138 | AQ23: 21029.531 | AR23: 5223.1358 | AS23: 5353.2692 | AT23: 5670.7415 | AU23: 5830.5779 | AV23: 22077.724 | AW23: 5942.5419 | AX23: 6090.0015 | AY23: 6262.2982 | AZ23: 6453.9105 | BA23: 24748.752 | BB23: 6471.1043 | BC23: 6477.7882 | BD23: 6505.872 | BE23: 6643.1062 | BF23: 26097.871 | BG23: 6781.5045 | BH23: 6822.8465 | BI23: 7198.6744 | BJ23: 7408.5333 | BK23: 28211.559 | BL23: 7422.2028 | BM23: 7445.6884 | BN23: 6965.2188 | BO23: 6782.2592 | BP23: 28615.369 | BQ23: 7045.6557 | BR23: 7583.2009 | BS23: 7627.3823 | BT23: 7738.9471 | BU23: 29995.186 | BV23: 7802.3099 | BW23: 8487.0456 | BX23: 8681.4416 | BY23: 8817.0977 | BZ23: 33787.895 | CA23: 9053.3307 | CB23: 9674.9732 | CC23: 9708.4388 | CD23: 9780.6836 | CE23: =SUM(CA23:CD23) -> 38217.426 | CF23: 9370.5943 | CG23: 29120.518 | CH23: 10128.078 | CI23: 8605.0313 | CJ23: =SUM(CF23:CI23) -> 57224.221 | CK23: 4326.634 | CL23: 7187.6741 | CM23: 44803.016 | CN23: 48912.526 | CO23: =SUM(CK23:CN23) -> 105229.85
B24: 4 | C24: Pertambangan dan Penggalian Lainnya | D24: 15729.251 | E24: 16775.825 | F24: 18018.788 | G24: 20220.422 | H24: 70744.286 | I24: 20929.562 | J24: 21227.458 | K24: 23655.966 | L24: 25494.735 | M24: 91307.721 | N24: 25432.946 | O24: 28464.12 | P24: 30011.064 | Q24: 30120.094 | R24: 114028.22 | S24: 30923.381 | T24: 32301.065 | U24: 33984.354 | V24: 37268.774 | W24: 134477.57 | X24: 37079.103 | Y24: 38802.116 | Z24: 39034.809 | AA24: 41016.284 | AB24: 155932.31 | AC24: 37608.305 | AD24: 41134.394 | AE24: 46015.813 | AF24: 51126.021 | AG24: 175884.53 | AH24: 50802.73 | AI24: 52235.51 | AJ24: 54552.3 | AK24: 56888.2 | AL24: 214478.74 | AM24: 55417.44 | AN24: 60472.953 | AO24: 61840.836 | AP24: 63222.191 | AQ24: 240953.42 | AR24: 60502.501 | AS24: 62216.593 | AT24: 63852.679 | AU24: 66435.552 | AV24: 253007.32 | AW24: 64089.661 | AX24: 66552.423 | AY24: 69312.934 | AZ24: 72030.115 | BA24: 271985.13 | BB24: 69577.93 | BC24: 72078.977 | BD24: 75430.486 | BE24: 75825.392 | BF24: 292912.79 | BG24: 73942.03 | BH24: 76709.638 | BI24: 79684.904 | BJ24: 84084.638 | BK24: 314421.21 | BL24: 78123.371 | BM24: 78650.92 | BN24: 79425.377 | BO24: 81434.739 | BP24: 317634.41 | BQ24: 79096.608 | BR24: 85122.927 | BS24: 86474.706 | BT24: 89195.029 | BU24: 339889.27 | BV24: 85192.258 | BW24: 90500.94 | BX24: 91812.256 | BY24: 98657.621 | BZ24: 366163.08 | CA24: 96148.073 | CB24: 98596.602 | CC24: 103237.67 | CD24: 104531.27 | CE24: =SUM(CA24:CD24) -> 402513.62 | CF24: 101888.06 | CG24: 105422.99 | CH24: 105589.08 | CI24: 108094.19 | CJ24: =SUM(CF24:CI24) -> 420994.32 | CK24: 103929.92 | CL24: 105201.89 | CM24: 110619.67 | CN24: 114427.67 | CO24: =SUM(CK24:CN24) -> 434179.15
A25: C | B25: Industri Pengolahan | D25: 179809.22 | E25: 199624.12 | F25: 218289.69 | G25: 225747.47 | H25: 823470.5 | I25: 219388.76 | J25: 222607 | K25: 228012.47 | L25: 242958.72 | M25: 912966.95 | N25: 241691.26 | O25: 241276.23 | P25: 254901.31 | Q25: 273160.66 | R25: 1011029.5 | S25: 270683.63 | T25: 287670.66 | U25: 285538.37 | V25: 306758.43 | W25: 1150651.1 | X25: 312024.08 | Y25: 334557.95 | Z25: 332898.22 | AA25: 335379 | AB25: 1314859.3 | AC25: 338125.19 | AD25: 357340.36 | AE25: 372632.23 | AF25: 396647.93 | AG25: 1464745.7 | AH25: 394522.4 | AI25: 399191.94 | AJ25: 418386.16 | AK25: 431685.23 | AL25: 1643785.7 | AM25: 433919.27 | AN25: 444981.72 | AO25: 458750.2 | AP25: 484140.93 | AQ25: 1821792.1 | AR25: 488688.55 | AS25: 492010.17 | AT25: 500883.55 | AU25: 517611.21 | AV25: 1999193.5 | AW25: 519551.62 | AX25: 520595.01 | AY25: 532769.12 | AZ25: 552173.47 | BA25: 2125089.2 | BB25: 562744.71 | BC25: 576288.4 | BD25: 576068.61 | BE25: 587031.55 | BF25: 2302133.3 | BG25: 583375.72 | BH25: 589855.85 | BI25: 601600.27 | BJ25: 618423.16 | BK25: 2393255 | BL25: 613012.58 | BM25: 573398.49 | BN25: 587168.97 | BO25: 589882.85 | BP25: 2363462.9 | BQ25: 623668.02 | BR25: 644805.24 | BS25: 679551.24 | BT25: 711475.16 | BU25: 2659499.7 | BV25: 743237.25 | BW25: 766544.09 | BX25: 791430.74 | BY25: 791368.55 | BZ25: 3092580.6 | CA25: =SUM(CA26:CA41) -> 900281.91 | CB25: =SUM(CB26:CB41) -> 944777.56 | CC25: =SUM(CC26:CC41) -> 913313.95 | CD25: =SUM(CD26:CD41) -> 904427.96 | CE25: =SUM(CE26:CE41) -> 3662801.4 | CF25: =SUM(CF26:CF41) -> 975010.97 | CG25: =SUM(CG26:CG41) -> 855599.17 | CH25: =SUM(CH26:CH41) -> 1065196 | ... CO25: =SUM(CO26:CO41) -> 4318234.1
B26: 1 | C26: Industri Batubara dan Pengilangan Migas | D26: 0 | E26: 0 | F26: 0 | G26: 0 | H26: 0 | I26: 0 | J26: 0 | K26: 0 | L26: 0 | M26: 0 | N26: 0 | O26: 0 | P26: 0 | Q26: 0 | R26: 0 | S26: 0 | T26: 0 | U26: 0 | V26: 0 | W26: 0 | X26: 0 | Y26: 0 | Z26: 0 | AA26: 0 | AB26: 0 | AC26: 0 | AD26: 0 | AE26: 0 | AF26: 0 | AG26: 0 | AH26: 0 | AI26: 0 | AJ26: 0 | AK26: 0 | AL26: 0 | AM26: 0 | AN26: 0 | AO26: 0 | AP26: 0 | AQ26: 0 | AR26: 0 | AS26: 0 | AT26: 0 | AU26: 0 | AV26: 0 | AW26: 0 | AX26: 0 | AY26: 0 | AZ26: 0 | BA26: 0 | BB26: 0 | BC26: 0 | BD26: 0 | BE26: 0 | BF26: 0 | BG26: 0 | BH26: 0 | BI26: 0 | BJ26: 0 | BK26: 0 | BL26: 0 | BM26: 0 | BN26: 0 | BO26: 0 | BP26: 0 | BQ26: 0 | BR26: 0 | BS26: 0 | BT26: 0 | BU26: 0 | BV26: 0 | BW26: 0 | BX26: 0 | BY26: 0 | BZ26: 0 | CA26: 0 | CB26: 0 | CC26: 0 | CD26: 0 | CE26: =SUM(CA26:CD26) -> 0 | CF26: 0 | CG26: 0 | CH26: 0 | CI26: 0 | CJ26: =SUM(CF26:CI26) -> 0 | CK26: 0 | CL26: 0 | CM26: 0 | CN26: 0 | CO26: =SUM(CK26:CN26) -> 0
B27: 2 | C27: Industri Makanan dan Minuman | D27: 55954.18 | E27: 56638.259 | F27: 54738.447 | G27: 58499.377 | H27: 225830.26 | I27: 59465.833 | J27: 61494.551 | K27: 62941.643 | L27: 63203.255 | M27: 247105.28 | N27: 63507.731 | O27: 66372.513 | P27: 70770.94 | Q27: 73782.515 | R27: 274433.7 | S27: 76552.729 | T27: 76872.361 | U27: 80635.89 | V27: 84988.62 | W27: 319049.6 | X27: 82333.853 | Y27: 92307.987 | Z27: 94806.268 | AA27: 95935.117 | AB27: 365383.22 | AC27: 89559.67 | AD27: 103934.83 | AE27: 108291.16 | AF27: 114002.92 | AG27: 415788.58 | AH27: 112477.79 | AI27: 114556.57 | AJ27: 119121.53 | AK27: 124874.31 | AL27: 471030.2 | AM27: 124157.13 | AN27: 134835.49 | AO27: 141157.36 | AP27: 152309.42 | AQ27: 552459.39 | AR27: 143914.4 | AS27: 151401.12 | AT27: 159585.79 | AU27: 166392.46 | AV27: 621293.77 | AW27: 169306.83 | AX27: 168080.44 | AY27: 174955.14 | AZ27: 176468.12 | BA27: 688810.52 | BB27: 182131.64 | BC27: 182080.7 | BD27: 183544.03 | BE27: 191150.97 | BF27: 738907.35 | BG27: 190100.13 | BH27: 191939.77 | BI27: 194308.79 | BJ27: 196675.37 | BK27: 773024.07 | BL27: 193569.53 | BM27: 177499.12 | BN27: 188716.66 | BO27: 193630.07 | BP27: 753415.39 | BQ27: 194789.6 | BR27: 181726.04 | BS27: 192641.15 | BT27: 201064.72 | BU27: 770221.51 | BV27: 213206.81 | BW27: 224997.82 | BX27: 242015.85 | BY27: 257153.74 | BZ27: 937374.23 | CA27: 242282.4 | CB27: 249573.36 | CC27: 260478.09 | CD27: 264418.04 | CE27: =SUM(CA27:CD27) -> 1016751.9 | CF27: 268115.34 | CG27: 271700.31 | CH27: 272080.71 | CI27: 292518.75 | CJ27: =SUM(CF27:CI27) -> 1104415.1 | CK27: 293390.43 | CL27: 296296.7 | CM27: 322508.24 | CN27: 354233.57 | CO27: =SUM(CK27:CN27) -> 1266428.9
B28: 3 | C28: Pengolahan Tembakau | D28: 0 | E28: 0 | F28: 0 | G28: 0 | H28: 0 | I28: 0 | J28: 0 | K28: 0 | L28: 0 | M28: 0 | N28: 0 | O28: 0 | P28: 0 | Q28: 0 | R28: 0 | S28: 0 | T28: 0 | U28: 0 | V28: 0 | W28: 0 | X28: 0 | Y28: 0 | Z28: 0 | AA28: 0 | AB28: 0 | AC28: 0 | AD28: 0 | AE28: 0 | AF28: 0 | AG28: 0 | AH28: 0 | AI28: 0 | AJ28: 0 | AK28: 0 | AL28: 0 | AM28: 0 | AN28: 0 | AO28: 0 | AP28: 0 | AQ28: 0 | AR28: 0 | AS28: 0 | AT28: 0 | AU28: 0 | AV28: 0 | AW28: 0 | AX28: 0 | AY28: 0 | AZ28: 0 | BA28: 0 | BB28: 0 | BC28: 0 | BD28: 0 | BE28: 0 | BF28: 0 | BG28: 0 | BH28: 0 | BI28: 0 | BJ28: 0 | BK28: 0 | BL28: 0 | BM28: 0 | BN28: 0 | BO28: 0 | BP28: 0 | BQ28: 0 | BR28: 0 | BS28: 0 | BT28: 0 | BU28: 0 | BV28: 0 | BW28: 0 | BX28: 0 | BY28: 0 | BZ28: 0 | CA28: 0 | CB28: 0 | CC28: 0 | CD28: 0 | CE28: =SUM(CA28:CD28) -> 0 | CF28: 0 | CG28: 0 | CH28: 0 | CI28: 0 | CJ28: =SUM(CF28:CI28) -> 0 | CK28: 0 | CL28: 0 | CM28: 0 | CN28: 0 | CO28: =SUM(CK28:CN28) -> 0
B29: 4 | C29: Industri Tekstil dan Pakaian Jadi | D29: 915.90015 | E29: 981.44399 | F29: 1063.6467 | G29: 1095.057 | H29: 4056.0478 | I29: 1101.0937 | J29: 1071.4841 | K29: 1078.7463 | L29: 1080.2093 | M29: 4331.5333 | N29: 1088.3288 | O29: 1057.9833 | P29: 1141.5908 | Q29: 1160.6268 | R29: 4448.5297 | S29: 1159.8456 | T29: 1225.0891 | U29: 1227.2934 | V29: 1237.1141 | W29: 4849.3422 | X29: 1191.9793 | Y29: 1301.5992 | Z29: 1438.2044 | AA29: 1548.9437 | AB29: 5480.7265 | AC29: 1386.584 | AD29: 1491.3434 | AE29: 1562.154 | AF29: 1657.2269 | AG29: 6097.3083 | AH29: 1672.87 | AI29: 1692.16 | AJ29: 1729.08 | AK29: 1784.68 | AL29: 6878.79 | AM29: 1751.02 | AN29: 1756.0697 | AO29: 1815.0487 | AP29: 1893.821 | AQ29: 7215.9595 | AR29: 1804.9062 | AS29: 1890.4722 | AT29: 1913.6785 | AU29: 2116.5187 | AV29: 7725.5754 | AW29: 2008.8691 | AX29: 1990.7175 | AY29: 1939.9256 | AZ29: 2158.2544 | BA29: 8097.7666 | BB29: 2186.0274 | BC29: 2185.425 | BD29: 2256.8402 | BE29: 2455.5959 | BF29: 9083.8885 | BG29: 2363.8963 | BH29: 2451.4041 | BI29: 2393.5715 | BJ29: 2561.2321 | BK29: 9770.1039 | BL29: 2487.1143 | BM29: 2476.2461 | BN29: 2495.5365 | BO29: 2508.6071 | BP29: 9967.5041 | BQ29: 2506.9684 | BR29: 2498.3016 | BS29: 2487.7772 | BT29: 2713.3935 | BU29: 10206.441 | BV29: 2694.9538 | BW29: 2717.2241 | BX29: 2807.277 | BY29: 2791.9678 | BZ29: 11011.423 | CA29: 2794.1522 | CB29: 3009.0145 | CC29: 3130.7122 | CD29: 3166.5442 | CE29: =SUM(CA29:CD29) -> 12100.423 | CF29: 3187.0103 | CG29: 3236.2794 | CH29: 3567.8948 | CI29: 3604.6573 | CJ29: =SUM(CF29:CI29) -> 13595.842 | CK29: 3618.7947 | CL29: 3783.024 | CM29: 3765.5497 | CN29: 3834.0508 | CO29: =SUM(CK29:CN29) -> 15001.419
B30: 5 | C30: Industri Kulit, Barang dari Kulit dan Alas Kaki | D30: 0 | E30: 0 | F30: 0 | G30: 0 | H30: 0 | I30: 0 | J30: 0 | K30: 0 | L30: 0 | M30: 0 | N30: 0 | O30: 0 | P30: 0 | Q30: 0 | R30: 0 | S30: 0 | T30: 0 | U30: 0 | V30: 0 | W30: 0 | X30: 0 | Y30: 0 | Z30: 0 | AA30: 0 | AB30: 0 | AC30: 0 | AD30: 0 | AE30: 0 | AF30: 0 | AG30: 0 | AH30: 0 | AI30: 0 | AJ30: 0 | AK30: 0 | AL30: 0 | AM30: 0 | AN30: 0 | AO30: 0 | AP30: 0 | AQ30: 0 | AR30: 0 | AS30: 0 | AT30: 0 | AU30: 0 | AV30: 0 | AW30: 0 | AX30: 0 | AY30: 0 | AZ30: 0 | BA30: 0 | BB30: 0 | BC30: 0 | BD30: 0 | BE30: 0 | BF30: 0 | BG30: 0 | BH30: 0 | BI30: 0 | BJ30: 0 | BK30: 0 | BL30: 0 | BM30: 0 | BN30: 0 | BO30: 0 | BP30: 0 | BQ30: 0 | BR30: 0 | BS30: 0 | BT30: 0 | BU30: 0 | BV30: 0 | BW30: 0 | BX30: 0 | BY30: 0 | BZ30: 0 | CA30: 0 | CB30: 0 | CC30: 0 | CD30: 0 | CE30: =SUM(CA30:CD30) -> 0 | CF30: 0 | CG30: 0 | CH30: 0 | CI30: 0 | CJ30: =SUM(CF30:CI30) -> 0 | CK30: 0 | CL30: 0 | CM30: 0 | CN30: 0 | CO30: =SUM(CK30:CN30) -> 0
B31: 6 | C31: Industri Kayu, Barang dari Kayu dan Gabus dan Barang Anyaman dari Bambu, Rotan dan Sejenisnya | D31: 39125.25 | E31: 43770.224 | F31: 48189.231 | G31: 49913.375 | H31: 180998.08 | I31: 47224.128 | J31: 48186.045 | K31: 50007.327 | L31: 54837.015 | M31: 200254.51 | N31: 51753.441 | O31: 53455.008 | P31: 57431.555 | Q31: 61816.29 | R31: 224456.29 | S31: 59691.177 | T31: 62534.622 | U31: 62715.809 | V31: 73459.093 | W31: 258400.7 | X31: 70595.782 | Y31: 71502.842 | Z31: 78554.874 | AA31: 85510.073 | AB31: 306163.57 | AC31: 80331.069 | AD31: 88131.585 | AE31: 91246.413 | AF31: 98801.905 | AG31: 358510.97 | AH31: 98896.33 | AI31: 98440.89 | AJ31: 105055.33 | AK31: 107701.77 | AL31: 410094.32 | AM31: 111041.5 | AN31: 115683.03 | AO31: 120932.33 | AP31: 122726.7 | AQ31: 470383.56 | AR31: 123352.61 | AS31: 121129.45 | AT31: 120160.59 | AU31: 132480.44 | AV31: 497123.09 | AW31: 132701.26 | AX31: 134268.31 | AY31: 141089.66 | AZ31: 142225.02 | BA31: 550284.26 | BB31: 143814 | BC31: 149178.83 | BD31: 142279.38 | BE31: 156084.84 | BF31: 591357.06 | BG31: 152968.17 | BH31: 150253.83 | BI31: 154391.92 | BJ31: 166850 | BK31: 624463.92 | BL31: 164769.84 | BM31: 150117.27 | BN31: 147937.95 | BO31: 145872.23 | BP31: 608697.28 | BQ31: 145575.77 | BR31: 145073.51 | BS31: 154316.31 | BT31: 177094.24 | BU31: 622059.83 | BV31: 170517.62 | BW31: 176747.26 | BX31: 179685.2 | BY31: 185428.79 | BZ31: 712378.87 | CA31: 182026.78 | CB31: 183202.33 | CC31: 187341.57 | CD31: 178990.7 | CE31: =SUM(CA31:CD31) -> 731561.37 | CF31: 179531.74 | CG31: 180111.18 | CH31: 185950.25 | CI31: 196112 | CJ31: =SUM(CF31:CI31) -> 741705.17 | CK31: 181366.42 | CL31: 185816.74 | CM31: 183895.77 | CN31: 185145.09 | CO31: =SUM(CK31:CN31) -> 736224.02
B32: 7 | C32: Industri Kertas dan Barang dari Kertas, Percetakan dan Reproduksi Media Rekaman | D32: 318.48856 | E32: 330.26809 | F32: 336.89667 | G32: 339.56464 | H32: 1325.218 | I32: 358.03415 | J32: 361.65077 | K32: 373.1596 | L32: 364.25525 | M32: 1457.0998 | N32: 366.21888 | O32: 395.76435 | P32: 419.11113 | Q32: 437.51058 | R32: 1618.6049 | S32: 433.3529 | T32: 443.70701 | U32: 439.54915 | V32: 509.35669 | W32: 1825.9658 | X32: 500.6244 | Y32: 481.48173 | Z32: 507.38563 | AA32: 532.32304 | AB32: 2021.8148 | AC32: 564.45916 | AD32: 548.27969 | AE32: 529.7719 | AF32: 522.49578 | AG32: 2165.0065 | AH32: 559.75 | AI32: 560.12 | AJ32: 566.27 | AK32: 578.34 | AL32: 2264.48 | AM32: 612.46 | AN32: 644.73482 | AO32: 658.34905 | AP32: 665.5165 | AQ32: 2581.0604 | AR32: 652.51237 | AS32: 670.42172 | AT32: 712.70962 | AU32: 767.08574 | AV32: 2802.7294 | AW32: 714.47559 | AX32: 745.9221 | AY32: 822.16696 | AZ32: 827.26921 | BA32: 3109.8339 | BB32: 795.33117 | BC32: 865.21542 | BD32: 870.50829 | BE32: 874.77289 | BF32: 3405.8278 | BG32: 881.5438 | BH32: 934.1303 | BI32: 907.37672 | BJ32: 933.24227 | BK32: 3656.2931 | BL32: 891.19947 | BM32: 900.50119 | BN32: 978.31312 | BO32: 939.90311 | BP32: 3709.9169 | BQ32: 944.06582 | BR32: 943.82795 | BS32: 989.5024 | BT32: 1046.1936 | BU32: 3923.5897 | BV32: 1047.5266 | BW32: 1065.8823 | BX32: 1120.4059 | BY32: 1154.189 | BZ32: 4388.0039 | CA32: 1155.2684 | CB32: 1162.8994 | CC32: 1197.4133 | CD32: 1283.3813 | CE32: =SUM(CA32:CD32) -> 4798.9625 | CF32: 1290.2947 | CG32: 1298.1689 | CH32: 1315.2687 | CI32: 1435.6402 | CJ32: =SUM(CF32:CI32) -> 5339.3725 | CK32: 1383.9628 | CL32: 1416.1186 | CM32: 1451.87 | CN32: 1588.997 | CO32: =SUM(CK32:CN32) -> 5840.9484
B33: 8 | C33: Industri Kimia, Farmasi dan Obat Tradisional | D33: 134.17148 | E33: 149.95268 | F33: 170.77879 | G33: 160.67296 | H33: 615.57592 | I33: 172.42143 | J33: 173.16474 | K33: 166.02374 | L33: 183.74314 | M33: 695.35305 | N33: 185.7998 | O33: 195.47886 | P33: 192.04825 | Q33: 190.05074 | R33: 763.37766 | S33: 207.31077 | T33: 217.24695 | U33: 229.08598 | V33: 238.78319 | W33: 892.42689 | X33: 246.96054 | Y33: 260.42914 | Z33: 263.93392 | AA33: 284.15426 | AB33: 1055.4779 | AC33: 279.70788 | AD33: 289.93048 | AE33: 312.72462 | AF33: 352.43796 | AG33: 1234.8009 | AH33: 352.28 | AI33: 349.84 | AJ33: 360.27 | AK33: 363.22 | AL33: 1425.61 | AM33: 364.42 | AN33: 366.52282 | AO33: 366.24665 | AP33: 358.40403 | AQ33: 1455.5935 | AR33: 351.76537 | AS33: 368.93623 | AT33: 369.6754 | AU33: 394.85431 | AV33: 1485.2313 | AW33: 408.47419 | AX33: 390.47977 | AY33: 427.27057 | AZ33: 458.40738 | BA33: 1684.6319 | BB33: 459.34646 | BC33: 444.18784 | BD33: 443.28489 | BE33: 437.15999 | BF33: 1783.9792 | BG33: 464.05934 | BH33: 477.58076 | BI33: 487.92963 | BJ33: 467.10077 | BK33: 1896.6705 | BL33: 466.91962 | BM33: 467.71152 | BN33: 483.4222 | BO33: 506.65344 | BP33: 1924.7068 | BQ33: 550.6537 | BR33: 551.18804 | BS33: 572.98499 | BT33: 466.6549 | BU33: 2141.4816 | BV33: 512.30609 | BW33: 630.44242 | BX33: 705.66765 | BY33: 586.26523 | BZ33: 2434.6814 | CA33: 579.77524 | CB33: 590.50306 | CC33: 591.75031 | CD33: 594.75783 | CE33: =SUM(CA33:CD33) -> 2356.7864 | CF33: 597.06188 | CG33: 599.99283 | CH33: 606.70597 | CI33: 614.00066 | CJ33: =SUM(CF33:CI33) -> 2417.7613 | CK33: 614.43282 | CL33: 618.62126 | CM33: 624.26406 | CN33: 637.54303 | CO33: =SUM(CK33:CN33) -> 2494.8612
B34: 9 | C34: Industri Karet, Barang dari Karet dan Plastik | D34: 74591.044 | E34: 88109.303 | F34: 103210.66 | G34: 105763.09 | H34: 371674.1 | I34: 101326.37 | J34: 101054.5 | K34: 102503.54 | L34: 112214.54 | M34: 417098.96 | N34: 112693.47 | O34: 108565.56 | P34: 113696.92 | Q34: 125001.45 | R34: 459957.4 | S34: 121300.1 | T34: 134668.84 | U34: 127312.56 | V34: 132742.4 | W34: 516023.9 | X34: 144191.51 | Y34: 155064.91 | Z34: 143422.85 | AA34: 137321.6 | AB34: 580000.87 | AC34: 152456.87 | AD34: 148066.18 | AE34: 155051.5 | AF34: 164468.59 | AG34: 620043.13 | AH34: 164056.77 | AI34: 167030.12 | AJ34: 174909.43 | AK34: 179168.62 | AL34: 685164.94 | AM34: 178829.2 | AN34: 174090.51 | AO34: 175633.9 | AP34: 187512.21 | AQ34: 716065.83 | AR34: 199170.09 | AS34: 197406.68 | AT34: 198541.88 | AU34: 195713.63 | AV34: 790832.27 | AW34: 194304.49 | AX34: 194800.46 | AY34: 192883.33 | AZ34: 207647.48 | BA34: 789635.75 | BB34: 211151.8 | BC34: 219722.69 | BD34: 224734.17 | BE34: 215010.42 | BF34: 870619.09 | BG34: 215587.42 | BH34: 221988.29 | BI34: 227185.94 | BJ34: 229207.46 | BK34: 893969.1 | BL34: 229329.58 | BM34: 220425.64 | BN34: 224654.89 | BO34: 224844.72 | BP34: 899254.83 | BQ34: 225337.09 | BR34: 226331.21 | BS34: 227946.27 | BT34: 230927.14 | BU34: 910541.72 | BV34: 231204.14 | BW34: 241077.38 | BX34: 243846.72 | BY34: 245915.33 | BZ34: 962043.58 | CA34: 246819.12 | CB34: 245165.09 | CC34: 244910.8 | CD34: 248310.86 | CE34: =SUM(CA34:CD34) -> 985205.87 | CF34: 248670.03 | CG34: 248997.2 | CH34: 250648.41 | CI34: 257324.78 | CJ34: =SUM(CF34:CI34) -> 1005640.4 | CK34: 270244.56 | CL34: 282783.46 | CM34: 284408.19 | CN34: 287409.96 | CO34: =SUM(CK34:CN34) -> 1124846.2
B35: 10 | C35: Industri Barang Galian bukan Logam | D35: 1345.3317 | E35: 1199.8332 | F35: 1329.2977 | G35: 1248.8909 | H35: 5123.3535 | I35: 1460.8567 | J35: 1370.5306 | K35: 1340.5673 | L35: 1491.1515 | M35: 5663.1061 | N35: 1512.7026 | O35: 1550.2801 | P35: 1649.0932 | Q35: 1653.8121 | R35: 6365.888 | S35: 1909.4308 | T35: 1840.5291 | U35: 1764.7524 | V35: 1727.331 | W35: 7242.0434 | X35: 1911.4191 | Y35: 2060.3846 | Z35: 2139.9863 | AA35: 2180.126 | AB35: 8291.9161 | AC35: 2240.7099 | AD35: 2316.7522 | AE35: 2469.9215 | AF35: 2586.7089 | AG35: 9614.0925 | AH35: 2596.78 | AI35: 2509.45 | AJ35: 2624.35 | AK35: 2700.41 | AL35: 10430.99 | AM35: 2741.8 | AN35: 2877.1928 | AO35: 2887.7095 | AP35: 2848.9173 | AQ35: 11355.62 | AR35: 3009.8139 | AS35: 2958.2261 | AT35: 2969.6398 | AU35: 2896.887 | AV35: 11834.567 | AW35: 3129.8974 | AX35: 3209.8129 | AY35: 3175.7688 | AZ35: 3183.9719 | BA35: 12699.451 | BB35: 3338.3844 | BC35: 3464.9489 | BD35: 3432.9122 | BE35: 3439.1667 | BF35: 13675.412 | BG35: 3493.6206 | BH35: 3596.208 | BI35: 3704.6163 | BJ35: 4073.3415 | BK35: 14867.786 | BL35: 3749.2278 | BM35: 3740.476 | BN35: 3428.7383 | BO35: 3713.3 | BP35: 14631.742 | BQ35: 3738.2774 | BR35: 3755.1175 | BS35: 3785.3709 | BT35: 3955.7473 | BU35: 15234.513 | BV35: 3979.0347 | BW35: 4069.0305 | BX35: 4442.0833 | BY35: 4499.0313 | BZ35: 16989.18 | CA35: 4532.07 | CB35: 4620.21 | CC35: 4733.664 | CD35: 4806.7345 | CE35: =SUM(CA35:CD35) -> 18692.678 | CF35: 4823.4849 | CG35: 4842.5002 | CH35: 5049.2981 | CI35: 5330.5379 | CJ35: =SUM(CF35:CI35) -> 20045.821 | CK35: 5050.1369 | CL35: 5088.6412 | CM35: 6727.9785 | CN35: 6753.7178 | CO35: =SUM(CK35:CN35) -> 23620.474
B36: 11 | C36: Industri Logam Dasar | D36: 0 | E36: 0 | F36: 0 | G36: 0 | H36: 0 | I36: 0 | J36: 0 | K36: 0 | L36: 0 | M36: 0 | N36: 0 | O36: 0 | P36: 0 | Q36: 0 | R36: 0 | S36: 0 | T36: 0 | U36: 0 | V36: 0 | W36: 0 | X36: 0 | Y36: 0 | Z36: 0 | AA36: 0 | AB36: 0 | AC36: 0 | AD36: 0 | AE36: 0 | AF36: 0 | AG36: 0 | AH36: 64.43 | AI36: 65.23 | AJ36: 63.76 | AK36: 67.55 | AL36: 260.97 | AM36: 66.72 | AN36: 65.667226 | AO36: 68.827287 | AP36: 71.514781 | AQ36: 272.72929 | AR36: 74.386603 | AS36: 72.143818 | AT36: 75.417068 | AU36: 79.884074 | AV36: 301.83156 | AW36: 80.283702 | AX36: 80.833003 | AY36: 81.35889 | AZ36: 82.140536 | BA36: 324.61613 | BB36: 81.739243 | BC36: 82.630201 | BD36: 83.534185 | BE36: 84.066737 | BF36: 331.97037 | BG36: 84.314355 | BH36: 84.832057 | BI36: 85.196709 | BJ36: 86.231585 | BK36: 340.57471 | BL36: 86.362943 | BM36: 85.238504 | BN36: 85.56048 | BO36: 85.742566 | BP36: 342.90449 | BQ36: 32504.068 | BR36: 66199.714 | BS36: 78060.047 | BT36: 74945.634 | BU36: 251709.46 | BV36: 101300.64 | BW36: 95940.475 | BX36: 95619.897 | BY36: 72583.753 | BZ36: 365444.77 | CA36: 199140.43 | CB36: 236892.43 | CC36: 190144.34 | CD36: 181982.53 | CE36: =SUM(CA36:CD36) -> 808159.72 | CF36: 247959.56 | CG36: 123927.32 | CH36: 324357.83 | CI36: 275786.82 | CJ36: =SUM(CF36:CI36) -> 972031.52 | CK36: 265442.3 | CL36: 129703.65 | CM36: 304635.28 | CN36: 354966.78 | CO36: =SUM(CK36:CN36) -> 1054748
B37: 12 | C37: Industri Barang dari Logam, Komputer, Barang Elektronik, Optik dan Peralatan Listrik | D37: 42.083847 | E37: 42.782363 | F37: 45.874075 | G37: 42.803897 | H37: 173.54418 | I37: 44.251943 | J37: 45.408741 | K37: 48.270775 | L37: 48.298331 | M37: 186.22979 | N37: 46.806988 | O37: 47.420846 | P37: 52.819856 | Q37: 55.158204 | R37: 202.20589 | S37: 53.879629 | T37: 55.481833 | U37: 55.678499 | V37: 57.187992 | W37: 222.22795 | X37: 56.114883 | Y37: 59.033441 | Z37: 62.440111 | AA37: 67.246784 | AB37: 244.83522 | AC37: 67.303865 | AD37: 67.046627 | AE37: 66.882025 | AF37: 69.485523 | AG37: 270.71804 | AH37: 72.4 | AI37: 70.79 | AJ37: 70.98 | AK37: 73.48 | AL37: 287.65 | AM37: 72.26 | AN37: 71.255586 | AO37: 70.495961 | AP37: 68.601959 | AQ37: 282.61351 | AR37: 73.061108 | AS37: 72.238804 | AT37: 72.490626 | AU37: 71.84302 | AV37: 289.63356 | AW37: 70.204593 | AX37: 69.1927 | AY37: 66.737613 | AZ37: 69.175941 | BA37: 275.31085 | BB37: 69.29551 | BC37: 73.594648 | BD37: 75.570394 | BE37: 76.101845 | BF37: 294.5624 | BG37: 76.753259 | BH37: 75.270374 | BI37: 77.447584 | BJ37: 79.345564 | BK37: 308.81678 | BL37: 77.01437 | BM37: 77.238545 | BN37: 76.756227 | BO37: 78.153345 | BP37: 309.16249 | BQ37: 77.37738 | BR37: 77.620779 | BS37: 77.781888 | BT37: 92.763816 | BU37: 325.54386 | BV37: 87.137619 | BW37: 88.080193 | BX37: 89.176981 | BY37: 96.533459 | BZ37: 360.92825 | CA37: 96.567564 | CB37: 97.572554 | CC37: 97.628759 | CD37: 97.239113 | CE37: =SUM(CA37:CD37) -> 389.00799 | CF37: 97.290832 | CG37: 98.180454 | CH37: 98.995326 | CI37: 99.91 | CJ37: =SUM(CF37:CI37) -> 394.37661 | CK37: 99.799883 | CL37: 100.81499 | CM37: 101.03366 | CN37: 101.60449 | CO37: =SUM(CK37:CN37) -> 403.25303
... B41: 16 | C41: Industri pengolahan lainnya, jasa reparasi dan pemasangan mesin dan peralatan | D41: 752.14972 | E41: 770.81349 | F41: 788.54406 | G41: 799.1202 | H41: 3110.6275 | I41: 825.34127 | J41: 835.64214 | K41: 857.35155 | L41: 878.92876 | M41: 3397.2637 | N41: 942.94559 | O41: 987.44985 | P41: 1017.4119 | Q41: 785.68139 | R41: 3733.4887 | S41: 1096.6835 | T41: 1121.3034 | U41: 1048.1471 | V41: 878.50213 | W41: 4144.6362 | X41: 1189.4846 | Y41: 1139.9301 | Z41: 1173.5817 | AA41: 1100.8036 | AB41: 4603.8001 | AC41: 1163.0146 | AD41: 1213.6961 | AE41: 1308.8708 | AF41: 1438.0577 | AG41: 5123.6392 | AH41: 1373.65 | AI41: 1383.46 | AJ41: 1379.59 | AK41: 1563.01 | AL41: 5699.71 | AM41: 1509.7532 | AN41: 1625.5456 | AO41: 1747.451 | AP41: 1756.4718 | AQ41: 6639.2215 | AR41: 1777.6788 | AS41: 1783.6679 | AT41: 1760.7663 | AU41: 1744.9787 | AV41: 7067.0917 | AW41: 1720.2906 | AX41: 1752.0484 | AY41: 1846.2225 | AZ41: 2002.5351 | BA41: 7321.0967 | BB41: 2019.5606 | BC41: 2030.5075 | BD41: 2015.7143 | BE41: 2065.8668 | BF41: 8131.649 | BG41: 2063.1815 | BH41: 2163.0478 | BI41: 2162.5029 | BJ41: 2071.2036 | BK41: 8459.9359 | BL41: 2070.9106 | BM41: 2080.8632 | BN41: 2072.9064 | BO41: 2086.01 | BP41: 8310.6901 | BQ41: 2088.1736 | BR41: 2083.4571 | BS41: 2133.7422 | BT41: 2234.5382 | BU41: 8539.9111 | BV41: 2247.679 | BW41: 2327.8558 | BX41: 2363.1644 | BY41: 2380.8254 | BZ41: 9319.5245 | CA41: 2384.3711 | CB41: 2425.4131 | CC41: 2438.1108 | CD41: 2467.6864 | CE41: =SUM(CA41:CD41) -> 9715.5815 | CF41: 2467.0619 | CG41: 2500.3899 | CH41: 2557.6888 | CI41: 2587.2 | CJ41: =SUM(CF41:CI41) -> 10112.341 | CK41: 2624.5939 | CL41: 2622.7186 | CM41: 2747.0174 | CN41: 2831.2171 | CO41: =SUM(CK41:CN41) -> 10825.547
A42: D | B42: Pengadaan Listrik dan Gas | D42: 3609.4252 | E42: 3856.2706 | F42: 3962.6213 | G42: 3908.5293 | H42: 15336.846 | I42: 3244.4425 | J42: 3201.0459 | K42: 3083.9983 | L42: 2736.1146 | M42: 12265.601 | N42: 3649.9753 | O42: 3870.2158 | P42: 3721.7334 | Q42: 3882.4954 | R42: 15124.42 | S42: 3421.0036 | T42: 3570.2878 | U42: 3708.8687 | V42: 3894.3858 | W42: 14594.546 | X42: 3927.618 | Y42: 3889.1415 | Z42: 3802.1714 | AA42: 3888.3538 | AB42: 15507.285 | AC42: 3762.6716 | AD42: 3602.0882 | AE42: 3608.45 | AF42: 3807.3278 | AG42: 14780.538 | AH42: 4959.2303 | AI42: 5184.2571 | AJ42: 4955.2956 | AK42: 5830.4581 | AL42: 20929.241 | AM42: 9288.7048 | AN42: 5376.4734 | AO42: 5404.7317 | AP42: 7989.3332 | AQ42: 28059.243 | AR42: 8185.7661 | AS42: 8658.6193 | AT42: 8917.6142 | AU42: 9237.9558 | AV42: 34999.955 | AW42: 9609.3606 | AX42: 9443.8186 | AY42: 9181.1981 | AZ42: 9897.2067 | BA42: 38131.584 | BB42: 9754.0951 | BC42: 9888.2408 | BD42: 9894.2045 | BE42: 10835.272 | BF42: 40371.813 | BG42: 10663.304 | BH42: 10392.976 | BI42: 9244.0317 | BJ42: 10928.627 | BK42: 41228.939 | BL42: 11586.373 | BM42: 10730.406 | BN42: 10196.035 | BO42: 11564.679 | BP42: 44077.492 | BQ42: 11606.002 | BR42: 11957.793 | BS42: 11525.965 | BT42: 12454.509 | BU42: 47544.268 | BV42: 12577.293 | BW42: 12579.963 | BX42: 12174.23 | BY42: 13603.281 | BZ42: 50934.766 | CA42: =SUM(CA43:CA44) -> 13673.56 | CB42: =SUM(CB43:CB44) -> 14308.55 | CC42: =SUM(CC43:CC44) -> 13996.191 | CD42: =SUM(CD43:CD44) -> 14374.439 | CE42: =SUM(CE43:CE44) -> 56352.74 | CF42: =SUM(CF43:CF44) -> 14548.234 | CG42: =SUM(CG43:CG44) -> 15350.139 | CH42: =SUM(CH43:CH44) -> 15027.817 | ... CO42: =SUM(CO43:CO44) -> 63150.739
B43: 1 | C43: Ketenagalistrikan | D43: 3583.5386 | E43: 3828.143 | F43: 3931.0876 | G43: 3874.2033 | H43: 15216.972 | I43: 3210.3943 | J43: 3166.4808 | K43: 3050.8329 | L43: 2704.3306 | M43: 12132.039 | N43: 3611.0606 | O43: 3833.2632 | P43: 3686.4536 | Q43: 3846.3207 | R43: 14977.098 | S43: 3383.1764 | T43: 3531.3674 | U43: 3668.7284 | V43: 3852.4388 | W43: 14435.711 | X43: 3886.0114 | Y43: 3846.285 | Z43: 3758.6146 | AA43: 3843.555 | AB43: 15334.466 | AC43: 3715.3743 | AD43: 3555.4903 | AE43: 3560.1339 | AF43: 3755.2413 | AG43: 14586.24 | AH43: 4906.2903 | AI43: 5129.5771 | AJ43: 4898.6056 | AK43: 5773.0981 | AL43: 20707.571 | AM43: 9231.4148 | AN43: 5318.8454 | AO43: 5347.5326 | AP43: 7929.757 | AQ43: 27827.55 | AR43: 8124.3554 | AS43: 8596.6123 | AT43: 8854.8458 | AU43: 9171.0497 | AV43: 34746.863 | AW43: 9542.2938 | AX43: 9376.6702 | AY43: 9115.4432 | AZ43: 9828.1216 | BA43: 37862.529 | BB43: 9685.3002 | BC43: 9820.0711 | BD43: 9825.3181 | BE43: 10763.291 | BF43: 40093.98 | BG43: 10591.797 | BH43: 10321.868 | BI43: 9172.5569 | BJ43: 10854.579 | BK43: 40940.801 | BL43: 11511.482 | BM43: 10656.948 | BN43: 10126.944 | BO43: 11493.1 | BP43: 43788.474 | BQ43: 11533.244 | BR43: 11884.754 | BS43: 11452.752 | BT43: 12375.973 | BU43: 47246.722 | BV43: 12497.053 | BW43: 12501.438 | BX43: 12095.518 | BY43: 13518.999 | BZ43: 50613.007 | CA43: 13587.153 | CB43: 14222.472 | CC43: 13910.385 | CD43: 14285.565 | CE43: =SUM(CA43:CD43) -> 56005.575 | CF43: 14459.126 | CG43: 15261.347 | CH43: 14937.945 | CI43: 15174.47 | CJ43: =SUM(CF43:CI43) -> 59832.888 | CK43: 14463.276 | CL43: 15412.861 | CM43: 15396.14 | CN43: 17495.058 | CO43: =SUM(CK43:CN43) -> 62767.335
B44: 2 | C44: Pengadaan Gas dan Produksi Es | D44: 25.886612 | E44: 28.127665 | F44: 31.533683 | G44: 34.325959 | H44: 119.87392 | I44: 34.048246 | J44: 34.565081 | K44: 33.165444 | L44: 31.783977 | M44: 133.56275 | N44: 38.914726 | O44: 36.952668 | P44: 35.279738 | Q44: 36.174666 | R44: 147.3218 | S44: 37.827196 | T44: 38.920356 | U44: 40.140322 | V44: 41.947025 | W44: 158.8349 | X44: 41.606639 | Y44: 42.856406 | Z44: 43.556794 | AA44: 44.798772 | AB44: 172.81861 | AC44: 47.297294 | AD44: 46.59794 | AE44: 48.316104 | AF44: 52.086466 | AG44: 194.29781 | AH44: 52.94 | AI44: 54.68 | AJ44: 56.69 | AK44: 57.36 | AL44: 221.67 | AM44: 57.29 | AN44: 57.628011 | AO44: 57.199092 | AP44: 59.57618 | AQ44: 231.69328 | AR44: 61.41073 | AS44: 62.007053 | AT44: 62.768312 | AU44: 66.90607 | AV44: 253.09216 | AW44: 67.066793 | AX44: 67.14843 | AY44: 65.754833 | AZ44: 69.085093 | BA44: 269.05515 | BB44: 68.794898 | BC44: 68.169777 | BD44: 68.88643 | BE44: 71.981461 | BF44: 277.83256 | BG44: 71.507166 | BH44: 71.107992 | BI44: 71.474731 | BJ44: 74.047748 | BK44: 288.13764 | BL44: 74.890556 | BM44: 73.458177 | BN44: 69.091277 | BO44: 71.578493 | BP44: 289.0185 | BQ44: 72.75762 | BR44: 73.038344 | BS44: 73.213705 | BT44: 78.535936 | BU44: 297.54561 | BV44: 80.240472 | BW44: 78.524811 | BX44: 78.711923 | BY44: 84.281717 | BZ44: 321.75892 | CA44: 86.4075 | CB44: 86.077325 | CC44: 85.805745 | CD44: 88.874564 | CE44: =SUM(CA44:CD44) -> 347.16513 | CF44: 89.107399 | CG44: 88.79184 | CH44: 89.872494 | CI44: 93.9418 | CJ44: =SUM(CF44:CI44) -> 361.71353 | CK44: 91.319916 | CL44: 93.292915 | CM44: 97.041531 | CN44: 101.75032 | CO44: =SUM(CK44:CN44) -> 383.40469
A45: E | B45: Pengadaan Air, Pengelolaan Sampah, Limbah dan Daur Ulang | D45: 21601.171 | E45: 22650.09 | F45: 22836.421 | G45: 23535.204 | H45: 90622.886 | I45: 23414.55 | J45: 23769.456 | K45: 23722.096 | L45: 23774.898 | M45: 94680.999 | N45: 24204.987 | O45: 24855.121 | P45: 25373.391 | Q45: 25933.661 | R45: 100367.16 | S45: 26111.021 | T45: 26557.112 | U45: 27317.183 | V45: 28194.872 | W45: 108180.19 | X45: 29049.65 | Y45: 29730.505 | Z45: 30376.755 | AA45: 29955.689 | AB45: 119112.6 | AC45: 30118.743 | AD45: 30767.159 | AE45: 32567.613 | AF45: 33519.494 | AG45: 126973.01 | AH45: 33936.74 | AI45: 34569.42 | AJ45: 35130.22 | AK45: 35873.94 | AL45: 139510.32 | AM45: 34935.404 | AN45: 36933.902 | AO45: 37386.483 | AP45: 37846.867 | AQ45: 147102.66 | AR45: 37684.956 | AS45: 39367.204 | AT45: 40274.796 | AU45: 41385.701 | AV45: 158712.66 | AW45: 39984.083 | AX45: 41265.67 | AY45: 43947.717 | AZ45: 44372.906 | BA45: 169570.38 | BB45: 42998.568 | BC45: 43813.947 | BD45: 44887.162 | BE45: 45340.758 | BF45: 177040.44 | BG45: 45213.717 | BH45: 46124.79 | BI45: 48076.142 | BJ45: 47885.644 | BK45: 187300.29 | BL45: 47750.334 | BM45: 47057.702 | BN45: 49463.398 | BO45: 47145.88 | BP45: 191417.31 | BQ45: 48825.139 | BR45: 50753.96 | BS45: 51117.762 | BT45: 52202.662 | BU45: 202899.52 | BV45: 50787.596 | BW45: 52414.524 | BX45: 52916.653 | BY45: 56658.013 | BZ45: 212776.79 | CA45: 56079.795 | CB45: 56764.639 | CC45: 57028.54 | CD45: 59110.811 | CE45: =SUM(CA45:CD45) -> 228983.78 | CF45: 58155.16 | CG45: 59183.905 | CH45: 59217.233 | CI45: 59960.889 | CJ45: =SUM(CF45:CI45) -> 236517.19 | CK45: 59659.416 | CL45: 60718.696 | CM45: 60597.148 | CN45: 61881.855 | CO45: =SUM(CK45:CN45) -> 242857.12
A46: F | B46: Konstruksi | D46: 131148.76 | E46: 133245.86 | F46: 148568.99 | G46: 158617.09 | H46: 571580.7 | I46: 169937.85 | J46: 176255.66 | K46: 184177.52 | L46: 198166.81 | M46: 728537.85 | N46: 261321.79 | O46: 294194.64 | P46: 313423.04 | Q46: 327085.5 | R46: 1196025 | S46: 328735.58 | T46: 349263.65 | U46: 372298.74 | V46: 401117.8 | W46: 1451415.8 | X46: 401935.01 | Y46: 423277.86 | Z46: 445521.94 | AA46: 455605.11 | AB46: 1726339.9 | AC46: 435057.56 | AD46: 494568.17 | AE46: 524825.79 | AF46: 562178.88 | AG46: 2016630.4 | AH46: 550721.47 | AI46: 572610.95 | AJ46: 602337.7 | AK46: 626436.57 | AL46: 2352106.7 | AM46: 608725.42 | AN46: 628018.37 | AO46: 667038.34 | AP46: 706656.41 | AQ46: 2610438.5 | AR46: 659411.47 | AS46: 695705.21 | AT46: 715503.94 | AU46: 739307.78 | AV46: 2809928.4 | AW46: 697947.05 | AX46: 724548.04 | AY46: 777061.66 | AZ46: 809035.74 | BA46: 3008592.5 | BB46: 771689.2 | BC46: 800861.12 | BD46: 844737.22 | BE46: 876369.14 | BF46: 3293656.7 | BG46: 848255.65 | BH46: 885356.56 | BI46: 921208.28 | BJ46: 946552.6 | BK46: 3601373.1 | BL46: 902218.11 | BM46: 906538.6 | BN46: 908496.78 | BO46: 915341.44 | BP46: 3632594.9 | BQ46: 917056.05 | BR46: 942078.33 | BS46: 992010.57 | BT46: 1019610 | BU46: 3870755 | BV46: 936169.98 | BW46: 1015564.6 | BX46: 1044089.9 | BY46: 1166788.7 | BZ46: 4162613.3 | CA46: 1079184.6 | CB46: 1090676.5 | CC46: 1165778.5 | CD46: 1207268.2 | CE46: =SUM(CA46:CD46) -> 4542907.9 | CF46: 1118686.5 | CG46: 1207225.6 | CH46: 1231400.8 | CI46: 1313437.2 | CJ46: =SUM(CF46:CI46) -> 4870750.1 | CK46: 1149637.8 | CL46: 1294754.6 | CM46: 1326872.3 | CN46: 1389239.4 | CO46: =SUM(CK46:CN46) -> 5160504.1
A47: G | B47: Perdagangan Besar dan Eceran; Reparasi Mobil dan Sepeda Motor | D47: 438861.35 | E47: 458118.41 | F47: 492395.69 | G47: 521086.38 | H47: 1910461.8 | I47: 522416.83 | J47: 541158.69 | K47: 564181.6 | L47: 591414.5 | M47: 2219171.6 | N47: 596172.32 | O47: 629443.36 | P47: 645285.59 | Q47: 674999.38 | R47: 2545900.7 | S47: 650235.73 | T47: 675574.29 | U47: 721198.47 | V47: 775227.73 | W47: 2822236.2 | X47: 747504.24 | Y47: 793657.88 | Z47: 812821.14 | AA47: 844173.36 | AB47: 3198156.6 | AC47: 841410.14 | AD47: 871924.2 | AE47: 914804.37 | AF47: 987361.32 | AG47: 3615500 | AH47: 940611.21 | AI47: 965259.91 | AJ47: 1016238.8 | AK47: 1071036 | AL47: 3993146 | AM47: 1051567.6 | AN47: 1101946.6 | AO47: 1137765.7 | AP47: 1187920.5 | AQ47: 4479200.4 | AR47: 1147968.4 | AS47: 1203020.6 | AT47: 1218739.4 | AU47: 1313352.5 | AV47: 4883080.9 | AW47: 1263187.1 | AX47: 1333846.6 | AY47: 1397953.2 | AZ47: 1427297.8 | BA47: 5422284.8 | BB47: 1378496.7 | BC47: 1425754.9 | BD47: 1469332.3 | BE47: 1539070.7 | BF47: 5812654.6 | BG47: 1510455.6 | BH47: 1566304 | BI47: 1601844.6 | BJ47: 1650622.7 | BK47: 6329227 | BL47: 1575044.8 | BM47: 1518057.4 | BN47: 1485031.8 | BO47: 1542857.5 | BP47: 6120991.5 | BQ47: 1543261.4 | BR47: 1649868.3 | BS47: 1641684.6 | BT47: 1658877.3 | BU47: 6493691.6 | BV47: 1653204.4 | BW47: 1778104.1 | BX47: 1870016.5 | BY47: 1896352.3 | BZ47: 7197677.3 | CA47: =SUM(CA48:CA49) -> 1849538.3 | CB47: =SUM(CB48:CB49) -> 1957625.2 | CC47: =SUM(CC48:CC49) -> 2031393.1 | CD47: =SUM(CD48:CD49) -> 2100469.5 | CE47: =SUM(CE48:CE49) -> 7939026.1 | CF47: =SUM(CF48:CF49) -> 2015015.4 | CG47: =SUM(CG48:CG49) -> 2155234.6 | CH47: =SUM(CH48:CH49) -> 2269219.6 | ... CO47: =SUM(CO48:CO49) -> 9611889.8
B48: 1 | C48: Perdagangan Mobil, Sepeda Motor dan Reparasinya | D48: 263536.06 | E48: 275361.66 | F48: 299105.66 | G48: 315421.46 | H48: 1153424.8 | I48: 328538.67 | J48: 339759.88 | K48: 353666.9 | L48: 368983.51 | M48: 1390949 | N48: 375645.9 | O48: 395943.21 | P48: 405596.24 | Q48: 423539.29 | R48: 1600724.6 | S48: 395620.63 | T48: 411663.72 | U48: 443398.51 | V48: 476421.52 | W48: 1727104.4 | X48: 451338.7 | Y48: 478804.39 | Z48: 484575.19 | AA48: 501213.04 | AB48: 1915931.3 | AC48: 500536.18 | AD48: 524516.41 | AE48: 555831.24 | AF48: 603087.39 | AG48: 2183971.2 | AH48: 561755.57 | AI48: 576826.02 | AJ48: 604950.93 | AK48: 633386.16 | AL48: 2376918.7 | AM48: 631359.33 | AN48: 667536.22 | AO48: 690365.96 | AP48: 706382.45 | AQ48: 2695643.9 | AR48: 682315.97 | AS48: 727766.93 | AT48: 728702.28 | AU48: 787419.4 | AV48: 2926204.6 | AW48: 748664.01 | AX48: 780162.66 | AY48: 817311.54 | AZ48: 820868.3 | BA48: 3167006.5 | BB48: 802814.77 | BC48: 807669.18 | BD48: 828331.53 | BE48: 863090.99 | BF48: 3301906.5 | BG48: 861613.67 | BH48: 874532.21 | BI48: 891544.14 | BJ48: 915577.82 | BK48: 3543267.8 | BL48: 898335.69 | BM48: 857415.31 | BN48: 820098.75 | BO48: 856701.49 | BP48: 3432551.2 | BQ48: 857250.12 | BR48: 917846.74 | BS48: 897586.71 | BT48: 905507.54 | BU48: 3578191.1 | BV48: 913149.98 | BW48: 967107.93 | BX48: 991810.74 | BY48: 995775.49 | BZ48: 3867844.1 | CA48: 999626.3 | CB48: 1025984.5 | CC48: 1077599.7 | CD48: 1102197.8 | CE48: =SUM(CA48:CD48) -> 4205408.3 | CF48: 1085646.6 | CG48: 1156507 | CH48: 1208389.1 | CI48: 1235192.2 | CJ48: =SUM(CF48:CI48) -> 4685734.9 | CK48: 1203217.4 | CL48: 1257908.7 | CM48: 1315683.9 | CN48: 1395712.3 | CO48: =SUM(CK48:CN48) -> 5172522.3
B49: 2 | C49: Perdagangan Besar dan Eceran, Bukan Mobil dan Sepeda Motor | D49: 175325.29 | E49: 182756.75 | F49: 193290.03 | G49: 205664.92 | H49: 757036.99 | I49: 193878.16 | J49: 201398.81 | K49: 210514.7 | L49: 222430.99 | M49: 828222.66 | N49: 220526.42 | O49: 233500.15 | P49: 239689.35 | Q49: 251460.08 | R49: 945176.01 | S49: 254615.1 | T49: 263910.56 | U49: 277799.96 | V49: 298806.21 | W49: 1095131.8 | X49: 296165.53 | Y49: 314853.49 | Z49: 328245.95 | AA49: 342960.32 | AB49: 1282225.3 | AC49: 340873.96 | AD49: 347407.78 | AE49: 358973.13 | AF49: 384273.93 | AG49: 1431528.8 | AH49: 378855.64 | AI49: 388433.89 | AJ49: 411287.92 | AK49: 437649.84 | AL49: 1616227.3 | AM49: 420208.26 | AN49: 434410.42 | AO49: 447399.76 | AP49: 481538.01 | AQ49: 1783556.4 | AR49: 465652.41 | AS49: 475253.65 | AT49: 490037.16 | AU49: 525933.14 | AV49: 1956876.4 | AW49: 514523.09 | AX49: 553683.98 | AY49: 580641.7 | AZ49: 606429.54 | BA49: 2255278.3 | BB49: 575681.91 | BC49: 618085.76 | BD49: 641000.72 | BE49: 675979.7 | BF49: 2510748.1 | BG49: 648841.95 | BH49: 691771.81 | BI49: 710300.49 | BJ49: 735044.9 | BK49: 2785959.2 | BL49: 676709.09 | BM49: 660642.11 | BN49: 664933.07 | BO49: 686155.96 | BP49: 2688440.2 | BQ49: 686011.25 | BR49: 732021.54 | BS49: 744097.9 | BT49: 753369.8 | BU49: 2915500.5 | BV49: 740054.44 | BW49: 810996.14 | BX49: 878205.74 | BY49: 900576.79 | BZ49: 3329833.1 | CA49: 849911.98 | CB49: 931640.63 | CC49: 953793.43 | CD49: 998271.78 | CE49: =SUM(CA49:CD49) -> 3733617.8 | CF49: 929368.78 | CG49: 998727.59 | CH49: 1060830.5 | CI49: 1099609.4 | CJ49: =SUM(CF49:CI49) -> 4088536.3 | CK49: 1020625.2 | CL49: 1065345 | CM49: 1139922.5 | CN49: 1213474.8 | CO49: =SUM(CK49:CN49) -> 4439367.5
A50: H | B50: Transportasi dan Pergudangan | D50: 192451.69 | E50: 191933.14 | F50: 193293.36 | G50: 201853.12 | H50: 779531.31 | I50: 209114.38 | J50: 208478.27 | K50: 215870.31 | L50: 223878.7 | M50: 857341.66 | N50: 229805.36 | O50: 242564.31 | P50: 253029.36 | Q50: 262498.24 | R50: 987897.27 | S50: 266019.56 | T50: 270020.8 | U50: 282791.24 | V50: 281753.95 | W50: 1100585.5 | X50: 288441.07 | Y50: 307929.63 | Z50: 320200.86 | AA50: 319663.35 | AB50: 1236234.9 | AC50: 330788.79 | AD50: 343572.27 | AE50: 372890.2 | AF50: 394753.1 | AG50: 1442004.4 | AH50: 396231.44 | AI50: 404414.12 | AJ50: 424352.02 | AK50: 447972.24 | AL50: 1672969.8 | AM50: 439965.4 | AN50: 457520.38 | AO50: 473512.89 | AP50: 493995.62 | AQ50: 1864994.3 | AR50: 476834.94 | AS50: 492466.94 | AT50: 501836.6 | AU50: 514354.98 | AV50: 1985493.5 | AW50: 506098.15 | AX50: 516265.61 | AY50: 526439.6 | AZ50: 533851.17 | BA50: 2082654.5 | BB50: 532018.61 | BC50: 550267.59 | BD50: 567704.32 | BE50: 582801.42 | BF50: 2232791.9 | BG50: 583503.22 | BH50: 598069.25 | BI50: 615135.38 | BJ50: 628526.45 | BK50: 2425234.3 | BL50: 598845.64 | BM50: 487390.65 | BN50: 498540.72 | BO50: 512257.11 | BP50: 2097034.1 | BQ50: 517385.74 | BR50: 595367.21 | BS50: 597812.85 | BT50: 655477.82 | BU50: 2366043.6 | BV50: 629514.39 | BW50: 677768.05 | BX50: 721805.29 | BY50: 784421.57 | BZ50: 2813509.3 | CA50: =SUM(CA51:CA56) -> 737976.64 | CB50: =SUM(CB51:CB56) -> 789785.3 | CC50: =SUM(CC51:CC56) -> 796000.79 | CD50: =SUM(CD51:CD56) -> 858945.03 | CE50: =SUM(CE51:CE56) -> 3182707.8 | CF50: =SUM(CF51:CF56) -> 781263.1 | CG50: =SUM(CG51:CG56) -> 862124.26 | CH50: =SUM(CH51:CH56) -> 863250.71 | ... CO50: =SUM(CO51:CO56) -> 3583506.4
B51: 1 | C51: Angkutan Rel | D51: 0 | E51: 0 | F51: 0 | G51: 0 | H51: 0 | I51: 0 | J51: 0 | K51: 0 | L51: 0 | M51: 0 | N51: 0 | O51: 0 | P51: 0 | Q51: 0 | R51: 0 | S51: 0 | T51: 0 | U51: 0 | V51: 0 | W51: 0 | X51: 0 | Y51: 0 | Z51: 0 | AA51: 0 | AB51: 0 | AC51: 0 | AD51: 0 | AE51: 0 | AF51: 0 | AG51: 0 | AH51: 0 | AI51: 0 | AJ51: 0 | AK51: 0 | AL51: 0 | AM51: 0 | AN51: 0 | AO51: 0 | AP51: 0 | AQ51: 0 | AR51: 0 | AS51: 0 | AT51: 0 | AU51: 0 | AV51: 0 | AW51: 0 | AX51: 0 | AY51: 0 | AZ51: 0 | BA51: 0 | BB51: 0 | BC51: 0 | BD51: 0 | BE51: 0 | BF51: 0 | BG51: 0 | BH51: 0 | BI51: 0 | BJ51: 0 | BK51: 0 | BL51: 0 | BM51: 0 | BN51: 0 | BO51: 0 | BP51: 0 | BQ51: 0 | BR51: 0 | BS51: 0 | BT51: 0 | BU51: 0 | BV51: 0 | BW51: 0 | BX51: 0 | BY51: 0 | BZ51: 0 | CA51: 0 | CB51: 0 | CC51: 0 | CD51: 0 | CE51: =SUM(CA51:CD51) -> 0 | CF51: 0 | CG51: 0 | CH51: 0 | CI51: 0 | CJ51: =SUM(CF51:CI51) -> 0 | CK51: 0 | CL51: 0 | CM51: 0 | CN51: 0 | CO51: =SUM(CK51:CN51) -> 0
B52: 2 | C52: Angkutan Darat | D52: 85708.579 | E52: 85352.441 | F52: 82915.759 | G52: 86489.347 | H52: 340466.13 | I52: 91384.818 | J52: 86200.317 | K52: 87365.724 | L52: 91222.756 | M52: 356173.62 | N52: 94899.904 | O52: 98126.276 | P52: 103347.81 | Q52: 106391.7 | R52: 402765.69 | S52: 107149.48 | T52: 108019.9 | U52: 111322.08 | V52: 102051.61 | W52: 428543.07 | X52: 107896.98 | Y52: 113314.37 | Z52: 117326.6 | AA52: 115451.11 | AB52: 453989.05 | AC52: 124243.67 | AD52: 125770.79 | AE52: 132832.24 | AF52: 133788.85 | AG52: 516635.54 | AH52: 136411.08 | AI52: 139882.97 | AJ52: 145768.62 | AK52: 154404.81 | AL52: 576467.48 | AM52: 153437.59 | AN52: 161057.78 | AO52: 165973.43 | AP52: 170747.41 | AQ52: 651216.2 | AR52: 168550.62 | AS52: 176464.61 | AT52: 179271.05 | AU52: 181360.17 | AV52: 705646.44 | AW52: 182007.74 | AX52: 183809.9 | AY52: 184360.69 | AZ52: 184783.34 | BA52: 734961.67 | BB52: 185249.95 | BC52: 189216.26 | BD52: 192428.79 | BE52: 198387.58 | BF52: 765282.57 | BG52: 199560.94 | BH52: 205039.83 | BI52: 207102.51 | BJ52: 209292.52 | BK52: 820995.81 | BL52: 209868.7 | BM52: 198228.91 | BN52: 198590.78 | BO52: 198960.83 | BP52: 805649.22 | BQ52: 201085.1 | BR52: 213205.67 | BS52: 218362.8 | BT52: 225980.15 | BU52: 858633.71 | BV52: 225886.33 | BW52: 241390.87 | BX52: 261013.07 | BY52: 285628.5 | BZ52: 1013918.8 | CA52: 279903.77 | CB52: 282804.14 | CC52: 301592.89 | CD52: 313234.66 | CE52: =SUM(CA52:CD52) -> 1177535.5 | CF52: 309860.69 | CG52: 315176.77 | CH52: 331797.97 | CI52: 342674.69 | CJ52: =SUM(CF52:CI52) -> 1299510.1 | CK52: 346746.82 | CL52: 350309.13 | CM52: 372935.04 | CN52: 385889.02 | CO52: =SUM(CK52:CN52) -> 1455880
B53: 3 | C53: Angkutan Laut | D53: 44373.164 | E53: 41304.799 | F53: 36865.833 | G53: 37490.01 | H53: 160033.81 | I53: 40678.527 | J53: 41248.222 | K53: 43181.054 | L53: 42062.122 | M53: 167169.93 | N53: 42307.5 | O53: 46049.129 | P53: 46738.151 | Q53: 48920.759 | R53: 184015.54 | S53: 48844.688 | T53: 47277.374 | U53: 49888.574 | V53: 49988.548 | W53: 195999.18 | X53: 50681.174 | Y53: 53037.864 | Z53: 54736.327 | AA53: 49815.095 | AB53: 208270.46 | AC53: 53743.203 | AD53: 57544.217 | AE53: 60720.079 | AF53: 64191.729 | AG53: 236199.23 | AH53: 65462.61 | AI53: 67453.349 | AJ53: 74097.231 | AK53: 77368.82 | AL53: 284382.01 | AM53: 75428.548 | AN53: 78235.057 | AO53: 80667.327 | AP53: 86169.763 | AQ53: 320500.69 | AR53: 84324.327 | AS53: 84690.881 | AT53: 88346.627 | AU53: 92193.15 | AV53: 349554.99 | AW53: 88546.39 | AX53: 90900.352 | AY53: 94637.183 | AZ53: 98776.937 | BA53: 372860.86 | BB53: 94522.181 | BC53: 97554.591 | BD53: 103576.99 | BE53: 107954.64 | BF53: 403608.41 | BG53: 104514.06 | BH53: 108238.47 | BI53: 112613.49 | BJ53: 116312.76 | BK53: 441678.77 | BL53: 108704.14 | BM53: 88400.295 | BN53: 91904.764 | BO53: 94191.532 | BP53: 383200.73 | BQ53: 93896.999 | BR53: 100077.67 | BS53: 101555.19 | BT53: 114847.82 | BU53: 410377.67 | BV53: 107366.68 | BW53: 120018.78 | BX53: 124525.81 | BY53: 138293.73 | BZ53: 490205 | CA53: 134862.08 | CB53: 160648.01 | CC53: 145793.42 | CD53: 170962.7 | CE53: =SUM(CA53:CD53) -> 612266.21 | CF53: 142964.01 | CG53: 166523.26 | CH53: 153933.63 | CI53: 168273.13 | CJ53: =SUM(CF53:CI53) -> 631694.04 | CK53: 154820.01 | CL53: 173799.3 | CM53: 155350.85 | CN53: 192537.25 | CO53: =SUM(CK53:CN53) -> 676507.41
B54: 4 | C54: Angkutan Sungai Danau dan Penyeberangan | D54: 14724.712 | E54: 16376.278 | F54: 22938.65 | G54: 24616.645 | H54: 78656.286 | I54: 19957.274 | J54: 20510.044 | K54: 21792.949 | L54: 23766.585 | M54: 86026.851 | N54: 22248.363 | O54: 22791.723 | P54: 24104.136 | Q54: 25254.204 | R54: 94398.426 | S54: 25206.292 | T54: 24539.826 | U54: 26446.189 | V54: 28156.437 | W54: 104348.74 | X54: 27992.288 | Y54: 28911.269 | Z54: 30577.009 | AA54: 31332.201 | AB54: 118812.77 | AC54: 29997.444 | AD54: 29700.019 | AE54: 37904.277 | AF54: 41723.056 | AG54: 139324.8 | AH54: 40885.42 | AI54: 40610.73 | AJ54: 41921.07 | AK54: 44716.5 | AL54: 168133.72 | AM54: 43604.69 | AN54: 45125.939 | AO54: 46771.269 | AP54: 48883.416 | AQ54: 184385.31 | AR54: 47664.162 | AS54: 48044.309 | AT54: 49123.023 | AU54: 49817.659 | AV54: 194649.15 | AW54: 48434.122 | AX54: 49351.235 | AY54: 50259.162 | AZ54: 51912.016 | BA54: 199956.54 | BB54: 50256.552 | BC54: 53167.339 | BD54: 55293.622 | BE54: 57166.428 | BF54: 215883.94 | BG54: 55884.17 | BH54: 57883.057 | BI54: 61160.862 | BJ54: 60453.166 | BK54: 235381.26 | BL54: 56157.628 | BM54: 39796.156 | BN54: 41219.871 | BO54: 45287.558 | BP54: 182461.21 | BQ54: 46173.468 | BR54: 53248.008 | BS54: 54159.168 | BT54: 60652.027 | BU54: 214232.67 | BV54: 58334.758 | BW54: 57015.764 | BX54: 62007.191 | BY54: 69096.71 | BZ54: 246454.42 | CA54: 68089.402 | CB54: 68637.771 | CC54: 69147.859 | CD54: 72457.883 | CE54: =SUM(CA54:CD54) -> 278332.91 | CF54: 71785.111 | CG54: 73406.95 | CH54: 72208.756 | CI54: 77272.064 | CJ54: =SUM(CF54:CI54) -> 294672.88 | CK54: 77320.154 | CL54: 77298.265 | CM54: 72824.806 | CN54: 78219.029 | CO54: =SUM(CK54:CN54) -> 305662.25
B55: 5 | C55: Angkutan Udara | D55: 41681.172 | E55: 43351.141 | F55: 45247.586 | G55: 47932.54 | H55: 178212.44 | I55: 51145.549 | J55: 54561.514 | K55: 57473.505 | L55: 60554.598 | M55: 223735.17 | N55: 64063.58 | O55: 68987.753 | P55: 71890.595 | Q55: 74570.71 | R55: 279512.64 | S55: 77477.029 | T55: 82467.417 | U55: 87260.966 | V55: 93552.685 | W55: 340758.1 | X55: 93570.054 | Y55: 103914.84 | Z55: 108546.09 | AA55: 113942.34 | AB55: 419973.31 | AC55: 113442.67 | AD55: 120901.8 | AE55: 131389.87 | AF55: 144384.02 | AG55: 510118.35 | AH55: 142744.06 | AI55: 145549.6 | AJ55: 151154.24 | AK55: 159457.85 | AL55: 598905.75 | AM55: 155663.72 | AN55: 160718.25 | AO55: 167376.98 | AP55: 175305.73 | AQ55: 659064.69 | AR55: 163704.27 | AS55: 170451.45 | AT55: 172132.83 | AU55: 177825.19 | AV55: 684113.75 | AW55: 174085.77 | AX55: 179025.57 | AY55: 183830.52 | AZ55: 184974.39 | BA55: 721916.26 | BB55: 188677.49 | BC55: 196583.93 | BD55: 202567.97 | BE55: 205021.57 | BF55: 792850.96 | BG55: 209293.71 | BH55: 212431.07 | BI55: 219702.16 | BJ55: 227787.27 | BK55: 869214.21 | BL55: 209745.26 | BM55: 147632.81 | BN55: 153453.85 | BO55: 160029.57 | BP55: 670861.49 | BQ55: 162708.44 | BR55: 214380.52 | BS55: 208949.16 | BT55: 237803.75 | BU55: 823841.87 | BV55: 222201.81 | BW55: 242742.86 | BX55: 256551.69 | BY55: 272017.85 | BZ55: 993514.22 | CA55: 235998.75 | CB55: 258175.82 | CC55: 259770.92 | CD55: 282090.93 | CE55: =SUM(CA55:CD55) -> 1036036.4 | CF55: 236811.64 | CG55: 286513.1 | CH55: 284483.43 | CI55: 284692.33 | CJ55: =SUM(CF55:CI55) -> 1092500.5 | CK55: 240703.74 | CL55: 251917.93 | CM55: 239768.95 | CN55: 320627.62 | CO55: =SUM(CK55:CN55) -> 1053018.2
B56: 6 | C56: Pergudangan dan Jasa Penunjang Angkutan, Pos dan Kurir | D56: 5964.0605 | E56: 5548.4841 | F56: 5325.5326 | G56: 5324.5756 | H56: 22162.653 | I56: 5948.213 | J56: 5958.1721 | K56: 6057.0819 | L56: 6272.6338 | M56: 24236.101 | N56: 6286.0085 | O56: 6609.4288 | P56: 6948.6662 | Q56: 7360.8698 | R56: 27204.973 | S56: 7342.0693 | T56: 7716.2802 | U56: 7873.4347 | V56: 8004.6638 | W56: 30936.448 | X56: 8300.5765 | Y56: 8751.2895 | Z56: 9014.8445 | AA56: 9122.6048 | AB56: 35189.315 | AC56: 9361.8069 | AD56: 9655.4415 | AE56: 10043.739 | AF56: 10665.451 | AG56: 39726.439 | AH56: 10728.27 | AI56: 10917.47 | AJ56: 11410.86 | AK56: 12024.26 | AL56: 45080.86 | AM56: 11830.85 | AN56: 12383.351 | AO56: 12723.893 | AP56: 12889.303 | AQ56: 49827.397 | AR56: 12591.561 | AS56: 12815.69 | AT56: 12963.071 | AU56: 13158.813 | AV56: 51529.135 | AW56: 13024.128 | AX56: 13178.548 | AY56: 13352.033 | AZ56: 13404.483 | BA56: 52959.192 | BB56: 13312.443 | BC56: 13745.471 | BD56: 13836.946 | BE56: 14271.201 | BF56: 55166.061 | BG56: 14250.336 | BH56: 14476.822 | BI56: 14556.35 | BJ56: 14680.734 | BK56: 57964.242 | BL56: 14369.911 | BM56: 13332.474 | BN56: 13371.462 | BO56: 13787.622 | BP56: 54861.47 | BQ56: 13521.73 | BR56: 14455.354 | BS56: 14786.535 | BT56: 16194.07 | BU56: 58957.689 | BV56: 15724.806 | BW56: 16599.777 | BX56: 17707.535 | BY56: 19384.779 | BZ56: 69416.897 | CA56: 19122.633 | CB56: 19519.572 | CC56: 19695.697 | CD56: 20198.862 | CE56: =SUM(CA56:CD56) -> 78536.763 | CF56: 19841.64 | CG56: 20504.18 | CH56: 20826.93 | CI56: 21898.473 | CJ56: =SUM(CF56:CI56) -> 83071.223 | CK56: 21609.905 | CL56: 22856.728 | CM56: 23531.905 | CN56: 24439.946 | CO56: =SUM(CK56:CN56) -> 92438.484
A57: I | B57: Penyediaan Akomodasi dan Makan Minum | D57: 58115.147 | E57: 59542.391 | F57: 60732.507 | G57: 63628.341 | H57: 242018.39 | I57: 65602.816 | J57: 65493.543 | K57: 67434.146 | L57: 69927.913 | M57: 268458.42 | N57: 71910.985 | O57: 82638.092 | P57: 82168.466 | Q57: 89834.196 | R57: 326551.74 | S57: 86547.358 | T57: 88740.834 | U57: 91164.669 | V57: 99669.628 | W57: 366122.49 | X57: 103774.93 | Y57: 111987.77 | Z57: 109067.28 | AA57: 113573.54 | AB57: 438403.53 | AC57: 116841.12 | AD57: 124695.02 | AE57: 127435.01 | AF57: 139916.02 | AG57: 508887.17 | AH57: 135427.17 | AI57: 139189.29 | AJ57: 142694.98 | AK57: 147391.16 | AL57: 564702.6 | AM57: 145535.16 | AN57: 154732.01 | AO57: 159493.78 | AP57: 170303.87 | AQ57: 630064.83 | AR57: 160858.08 | AS57: 159107.01 | AT57: 159623.12 | AU57: 164077.68 | AV57: 643665.9 | AW57: 165533.05 | AX57: 167842.97 | AY57: 172455.6 | AZ57: 177933.57 | BA57: 683765.19 | BB57: 176546.03 | BC57: 177020.65 | BD57: 183370.11 | BE57: 192107.89 | BF57: 729044.69 | BG57: 188023.31 | BH57: 194601.66 | BI57: 199394.44 | BJ57: 200567.46 | BK57: 782586.86 | BL57: 194183.5 | BM57: 172344.73 | BN57: 173920.4 | BO57: 186568.36 | BP57: 727016.99 | BQ57: 186178.4 | BR57: 186918.13 | BS57: 182462.49 | BT57: 191545.73 | BU57: 747104.75 | BV57: 193778.14 | BW57: 197510.08 | BX57: 201566.31 | BY57: 205212.78 | BZ57: 798067.3 | CA57: =SUM(CA58:CA59) -> 203456.05 | CB57: =SUM(CB58:CB59) -> 208491.62 | CC57: =SUM(CC58:CC59) -> 216431.82 | CD57: =SUM(CD58:CD59) -> 221030 | CE57: =SUM(CE58:CE59) -> 849409.49 | CF57: =SUM(CF58:CF59) -> 215612.4 | CG57: =SUM(CG58:CG59) -> 225782.84 | CH57: =SUM(CH58:CH59) -> 230583.76 | ... CO57: =SUM(CO58:CO59) -> 963955.12
B58: 1 | C58: Penyediaan Akomodasi | D58: 43522.193 | E58: 44609.214 | F58: 45642.367 | G58: 47822.707 | H58: 181596.48 | I58: 49745.582 | J58: 49321.182 | K58: 50953.324 | L58: 52721.403 | M58: 202741.49 | N58: 54317.153 | O58: 64112.407 | P58: 63426.006 | Q58: 70580.397 | R58: 252435.96 | S58: 66579.523 | T58: 67901.582 | U58: 70289.456 | V58: 78122.708 | W58: 282893.27 | X58: 80755.834 | Y58: 87246.365 | Z58: 84167.202 | AA58: 87844.477 | AB58: 340013.88 | AC58: 89933.379 | AD58: 97571.441 | AE58: 99454.071 | AF58: 109939.84 | AG58: 396898.74 | AH58: 105915.03 | AI58: 109080.91 | AJ58: 112381.28 | AK58: 116077.81 | AL58: 443455.03 | AM58: 114504.27 | AN58: 123273.8 | AO58: 128071.01 | AP58: 138076.53 | AQ58: 503925.61 | AR58: 128158.49 | AS58: 126437.76 | AT58: 126017.24 | AU58: 129385.99 | AV58: 509999.49 | AW58: 130359.53 | AX58: 132543.03 | AY58: 136695.88 | AZ58: 142143.63 | BA58: 541742.08 | BB58: 140355.75 | BC58: 140889.64 | BD58: 146599.54 | BE58: 154128.54 | BF58: 581973.47 | BG58: 149548.91 | BH58: 155922.48 | BI58: 160014.14 | BJ58: 160260.42 | BK58: 625745.94 | BL58: 154544.85 | BM58: 133614.3 | BN58: 135008.86 | BO58: 147479.22 | BP58: 570647.22 | BQ58: 146662.41 | BR58: 147281.59 | BS58: 141950.96 | BT58: 150909.43 | BU58: 586804.39 | BV58: 151629.73 | BW58: 153319.12 | BX58: 155810.37 | BY58: 158197.37 | BZ58: 618956.59 | CA58: 156646.77 | CB58: 158666.93 | CC58: 165151.04 | CD58: 168673.6 | CE58: =SUM(CA58:CD58) -> 649138.33 | CF58: 162944.83 | CG58: 170030.39 | CH58: 173700.07 | CI58: 176811.51 | CJ58: =SUM(CF58:CI58) -> 683486.8 | CK58: 161282.2 | CL58: 169379.47 | CM58: 175553.62 | CN58: 185135.97 | CO58: =SUM(CK58:CN58) -> 691351.25
B59: 2 | C59: Penyediaan Makan Minum | D59: 14592.954 | E59: 14933.177 | F59: 15090.14 | G59: 15805.634 | H59: 60421.906 | I59: 15857.234 | J59: 16172.361 | K59: 16480.822 | L59: 17206.51 | M59: 65716.928 | N59: 17593.832 | O59: 18525.686 | P59: 18742.461 | Q59: 19253.799 | R59: 74115.778 | S59: 19967.836 | T59: 20839.252 | U59: 20875.213 | V59: 21546.92 | W59: 83229.222 | X59: 23019.1 | Y59: 24741.407 | Z59: 24900.074 | AA59: 25729.067 | AB59: 98389.647 | AC59: 26907.736 | AD59: 27123.576 | AE59: 27980.943 | AF59: 29976.177 | AG59: 111988.43 | AH59: 29512.14 | AI59: 30108.38 | AJ59: 30313.7 | AK59: 31313.35 | AL59: 121247.57 | AM59: 31030.89 | AN59: 31458.213 | AO59: 31422.771 | AP59: 32227.345 | AQ59: 126139.22 | AR59: 32699.585 | AS59: 32669.25 | AT59: 33605.882 | AU59: 34691.689 | AV59: 133666.41 | AW59: 35173.519 | AX59: 35299.932 | AY59: 35759.724 | AZ59: 35789.94 | BA59: 142023.11 | BB59: 36190.288 | BC59: 36131.015 | BD59: 36770.566 | BE59: 37979.346 | BF59: 147071.22 | BG59: 38474.399 | BH59: 38679.178 | BI59: 39380.305 | BJ59: 40307.041 | BK59: 156840.92 | BL59: 39638.653 | BM59: 38730.434 | BN59: 38911.543 | BO59: 39089.136 | BP59: 156369.77 | BQ59: 39515.983 | BR59: 39636.544 | BS59: 40511.536 | BT59: 40636.297 | BU59: 160300.36 | BV59: 42148.408 | BW59: 44190.955 | BX59: 45755.945 | BY59: 47015.404 | BZ59: 179110.71 | CA59: 46809.282 | CB59: 49824.694 | CC59: 51280.78 | CD59: 52356.4 | CE59: =SUM(CA59:CD59) -> 200271.16 | CF59: 52667.569 | CG59: 55752.45 | CH59: 56883.695 | CI59: 60451.98 | CJ59: =SUM(CF59:CI59) -> 225755.69 | CK59: 60419.47 | CL59: 65041.501 | CM59: 71699.13 | CN59: 75443.771 | CO59: =SUM(CK59:CN59) -> 272603.87
A60: J | B60: Informasi dan Komunikasi | D60: 109182.01 | E60: 124090.51 | F60: 137302.19 | G60: 149440.83 | H60: 520015.54 | I60: 151714.08 | J60: 151423.31 | K60: 154081.94 | L60: 159956.21 | M60: 617175.54 | N60: 160959.57 | O60: 165428.69 | P60: 166157.42 | Q60: 170692.67 | R60: 663238.36 | S60: 171422.95 | T60: 175931.05 | U60: 177205.22 | V60: 188135.73 | W60: 712694.94 | X60: 183877.95 | Y60: 186700.67 | Z60: 195133.88 | AA60: 198971.6 | AB60: 764684.1 | AC60: 194524 | AD60: 198277.93 | AE60: 203180.7 | AF60: 215623.99 | AG60: 811606.62 | AH60: 216340.09 | AI60: 220931.87 | AJ60: 229464.89 | AK60: 238296.7 | AL60: 905033.55 | AM60: 247601.82 | AN60: 258721.28 | AO60: 261826.45 | AP60: 270687.36 | AQ60: 1038836.9 | AR60: 273396.27 | AS60: 282204.79 | AT60: 290839.84 | AU60: 297963.7 | AV60: 1144404.6 | AW60: 303485.24 | AX60: 304606.08 | AY60: 307114.74 | AZ60: 308785.33 | BA60: 1223991.4 | BB60: 320426.56 | BC60: 323040.86 | BD60: 325383.12 | BE60: 330715.78 | BF60: 1299566.3 | BG60: 339712.24 | BH60: 344822.45 | BI60: 345018.08 | BJ60: 345349.88 | BK60: 1374902.6 | BL60: 347524.46 | BM60: 350413.16 | BN60: 352578.85 | BO60: 357498.47 | BP60: 1408014.9 | BQ60: 364280.41 | BR60: 381398.01 | BS60: 389957.96 | BT60: 398558.5 | BU60: 1534194.9 | BV60: 395932.38 | BW60: 416795.64 | BX60: 436414.98 | BY60: 444253.24 | BZ60: 1693396.2 | CA60: 446146.82 | CB60: 451818.11 | CC60: 469635.58 | CD60: 474238.01 | CE60: =SUM(CA60:CD60) -> 1841838.5 | CF60: 473838.17 | CG60: 482354.68 | CH60: 488770.67 | CI60: 495656.76 | CJ60: =SUM(CF60:CI60) -> 1940620.3 | CK60: 493717.37 | CL60: 506745.04 | CM60: 513286.6 | CN60: 520435.08 | CO60: =SUM(CK60:CN60) -> 2034184.1
A61: K | B61: Jasa Keuangan dan Asuransi | D61: 120406.81 | E61: 122693.57 | F61: 125534.38 | G61: 130940.95 | H61: 499575.71 | I61: 132631.34 | J61: 135233.97 | K61: 141985.08 | L61: 136477.77 | M61: 546328.16 | N61: 135394.87 | O61: 141397.32 | P61: 147158.26 | Q61: 143919 | R61: 567869.45 | S61: 172540.07 | T61: 187368.54 | U61: 182771.73 | V61: 178519.77 | W61: 721200.11 | X61: 198406.93 | Y61: 209181.62 | Z61: 220491.63 | AA61: 226056.33 | AB61: 854136.5 | AC61: 236977.6 | AD61: 242204.05 | AE61: 254860.13 | AF61: 256355.55 | AG61: 990397.33 | AH61: 262987.45 | AI61: 272690.81 | AJ61: 279488.59 | AK61: 295427.72 | AL61: 1110594.6 | AM61: 304306.6 | AN61: 291031.06 | AO61: 319975.72 | AP61: 325091.28 | AQ61: 1240404.7 | AR61: 337068.97 | AS61: 346869.91 | AT61: 347259.62 | AU61: 355238.5 | AV61: 1386437 | AW61: 358908.43 | AX61: 373738.52 | AY61: 374048.82 | AZ61: 393030.04 | BA61: 1499725.8 | BB61: 397720.44 | BC61: 403162.18 | BD61: 427053.07 | BE61: 433477.09 | BF61: 1661412.8 | BG61: 457557.33 | BH61: 429639.84 | BI61: 438230.67 | BJ61: 456298.39 | BK61: 1781726.2 | BL61: 472334.96 | BM61: 462016.38 | BN61: 479891.07 | BO61: 497868.54 | BP61: 1912110.9 | BQ61: 506184.3 | BR61: 516765.42 | BS61: 532508.49 | BT61: 524896.35 | BU61: 2080354.6 | BV61: 546099.06 | BW61: 570718.08 | BX61: 564722.55 | BY61: 555559.42 | BZ61: 2237099.1 | CA61: =SUM(CA62:CA65) -> 591451.59 | CB61: =SUM(CB62:CB65) -> 599318.61 | CC61: =SUM(CC62:CC65) -> 579448.24 | CD61: =SUM(CD62:CD65) -> 604746.05 | CE61: =SUM(CE62:CE65) -> 2374964.5 | CF61: =SUM(CF62:CF65) -> 622300.81 | CG61: =SUM(CG62:CG65) -> 618292.58 | CH61: =SUM(CH62:CH65) -> 610872.8 | ... CO61: =SUM(CO62:CO65) -> 2724666.5
B62: 1 | C62: Jasa Perantara Keuangan | D62: 89864.214 | E62: 91278.996 | F62: 92859.184 | G62: 96522.658 | H62: 370525.05 | I62: 98739.53 | J62: 100848.25 | K62: 106659.44 | L62: 99868.256 | M62: 406115.47 | N62: 100299.32 | O62: 104207.14 | P62: 108599.86 | Q62: 103208.58 | R62: 416314.9 | S62: 130837.42 | T62: 144169.74 | U62: 138319.04 | V62: 132067.02 | W62: 545393.22 | X62: 151422.33 | Y62: 160906.14 | Z62: 170877.14 | AA62: 175321.86 | AB62: 658527.46 | AC62: 183026.37 | AD62: 188573.31 | AE62: 199527.16 | AF62: 198272.23 | AG62: 769399.07 | AH62: 203046.33 | AI62: 210769.64 | AJ62: 214170.97 | AK62: 228405.62 | AL62: 856392.56 | AM62: 234596.11 | AN62: 219140.26 | AO62: 247185.8 | AP62: 251025.01 | AQ62: 951947.17 | AR62: 262374.14 | AS62: 271056.32 | AT62: 270274.32 | AU62: 277122.62 | AV62: 1080827.4 | AW62: 280265.65 | AX62: 293531.6 | AY62: 292102.64 | AZ62: 309818.14 | BA62: 1175718 | BB62: 313733.27 | BC62: 317647.36 | BD62: 338897.16 | BE62: 341492.45 | BF62: 1311770.2 | BG62: 368190.97 | BH62: 337942.79 | BI62: 344851.57 | BJ62: 362589.63 | BK62: 1413574.9 | BL62: 380212.47 | BM62: 370696.88 | BN62: 388165.79 | BO62: 404420.6 | BP62: 1543495.7 | BQ62: 414025.64 | BR62: 422984.33 | BS62: 437479.93 | BT62: 429695.82 | BU62: 1704185.7 | BV62: 451262.5 | BW62: 474123.43 | BX62: 460568.98 | BY62: 450447.6 | BZ62: 1836402.5 | CA62: 485335.91 | CB62: 491561.6 | CC62: 468755.17 | CD62: 492415.28 | CE62: =SUM(CA62:CD62) -> 1938068 | CF62: 508663 | CG62: 502925 | CH62: 493917 | CI62: 513162.55 | CJ62: =SUM(CF62:CI62) -> 2018667.5 | CK62: 539663.7 | CL62: 518011.3 | CM62: 550202.54 | CN62: 621114.75 | CO62: =SUM(CK62:CN62) -> 2228992.3
B63: 2 | C63: Asuransi dan Dana Pensiun | D63: 28577.944 | E63: 29441.332 | F63: 30615.759 | G63: 32220.447 | H63: 120855.48 | I63: 31678.389 | J63: 32237.336 | K63: 33087.54 | L63: 34309.48 | M63: 131312.74 | N63: 32789.195 | O63: 34816.446 | P63: 36121.652 | Q63: 38224.901 | R63: 141952.19 | S63: 39156.86 | T63: 40596.255 | U63: 41780.856 | V63: 43666.75 | W63: 165200.72 | X63: 44144.637 | Y63: 45449.922 | Z63: 46679.849 | AA63: 47734.77 | AB63: 184009.18 | AC63: 49547.045 | AD63: 49303.911 | AE63: 50857.088 | AF63: 53239.606 | AG63: 202947.65 | AH63: 55010.05 | AI63: 56883.3 | AJ63: 60068.73 | AK63: 61614.83 | AL63: 233576.91 | AM63: 64127.57 | AN63: 66186.065 | AO63: 67043.041 | AP63: 68247.746 | AQ63: 265604.42 | AR63: 68809.424 | AS63: 69796.841 | AT63: 70918.035 | AU63: 71977.421 | AV63: 281501.72 | AW63: 72452.613 | AX63: 73921.329 | AY63: 75557.446 | AZ63: 76754.531 | BA63: 298685.92 | BB63: 77476.891 | BC63: 78934.535 | BD63: 81513.533 | BE63: 85121.645 | BF63: 323046.6 | BG63: 82354.603 | BH63: 84472.766 | BI63: 86139.892 | BJ63: 86209.605 | BK63: 339176.87 | BL63: 84566.836 | BM63: 83728.885 | BN63: 84333.761 | BO63: 86000.524 | BP63: 338630.01 | BQ63: 84747.319 | BR63: 85946.879 | BS63: 87086.362 | BT63: 87208.949 | BU63: 344989.51 | BV63: 86979.633 | BW63: 88619.128 | BX63: 95640.164 | BY63: 96579.231 | BZ63: 367818.16 | CA63: 97510.211 | CB63: 98986.614 | CC63: 101824.57 | CD63: 103299.27 | CE63: =SUM(CA63:CD63) -> 401620.67 | CF63: 104581.48 | CG63: 106281.45 | CH63: 107695.51 | CI63: 109390.91 | CJ63: =SUM(CF63:CI63) -> 427949.34 | CK63: 107771.9 | CL63: 112726.73 | CM63: 115901.96 | CN63: 116786.58 | CO63: =SUM(CK63:CN63) -> 453187.16
B64: 3 | C64: Jasa Keuangan Lainnya | D64: 1808.2224 | E64: 1813.2806 | F64: 1896.8638 | G64: 2029.9386 | H64: 7548.3054 | I64: 2043.2104 | J64: 1970.0705 | K64: 2054.3017 | L64: 2105.3542 | M64: 8172.9369 | N64: 2121.3029 | O64: 2180.612 | P64: 2226.8089 | Q64: 2266.4439 | R64: 8795.1677 | S64: 2332.2418 | T64: 2381.1725 | U64: 2444.001 | V64: 2547.8828 | W64: 9705.2981 | X64: 2604.8909 | Y64: 2582.2503 | Z64: 2684.7574 | AA64: 2743.5792 | AB64: 10615.478 | AC64: 4156.7159 | AD64: 4066.5626 | AE64: 4197.7366 | AF64: 4550.3103 | AG64: 16971.325 | AH64: 4648.422 | AI64: 4747.8977 | AJ64: 4948.3865 | AK64: 5097.3784 | AL64: 19442.085 | AM64: 5265.6204 | AN64: 5377.2515 | AO64: 5417.4416 | AP64: 5484.2389 | AQ64: 21544.552 | AR64: 5546.4854 | AS64: 5673.694 | AT64: 5719.1694 | AU64: 5785.3188 | AV64: 22724.668 | AW64: 5834.2852 | AX64: 5925.8866 | AY64: 6024.4012 | AZ64: 6090.7864 | BA64: 23875.359 | BB64: 6141.8432 | BC64: 6207.7501 | BD64: 6268.2077 | BE64: 6483.1311 | BF64: 25100.932 | BG64: 6631.124 | BH64: 6842.2411 | BI64: 6852.9795 | BJ64: 7105.4136 | BK64: 27431.758 | BL64: 7161.679 | BM64: 7199.6856 | BN64: 6999.0165 | BO64: 7052.3108 | BP64: 28412.692 | BQ64: 7016.4258 | BR64: 7438.6679 | BS64: 7545.2615 | BT64: 7594.022 | BU64: 29594.377 | BV64: 7456.4282 | BW64: 7564.3664 | BX64: 8098.4336 | BY64: 8114.9723 | BZ64: 31234.201 | CA64: 8180.7156 | CB64: 8333.636 | CC64: 8437.2293 | CD64: 8596.3632 | CE64: =SUM(CA64:CD64) -> 33547.944 | CF64: 8621.91 | CG64: 8641.11 | CH64: 8807.61 | CI64: 8947.34 | CJ64: =SUM(CF64:CI64) -> 35017.97 | CK64: 9486.6339 | CL64: 10220.983 | CM64: 10359.731 | CN64: 10461.918 | CO64: =SUM(CK64:CN64) -> 40529.266
B65: 4 | C65: Jasa Penunjang Keuangan | D65: 156.42575 | E65: 159.96055 | F65: 162.57122 | G65: 167.9118 | H65: 646.86931 | I65: 170.21395 | J65: 178.31405 | K65: 183.80058 | L65: 194.67587 | M65: 727.00445 | N65: 185.05641 | O65: 193.11983 | P65: 209.93267 | Q65: 219.07371 | R65: 807.18262 | S65: 213.55391 | T65: 221.37414 | U65: 227.8309 | V65: 238.11755 | W65: 900.8765 | X65: 235.07242 | Y65: 243.30661 | Z65: 249.88121 | AA65: 256.12015 | AB65: 984.3804 | AC65: 247.47391 | AD65: 260.27092 | AE65: 278.14134 | AF65: 293.40151 | AG65: 1079.2877 | AH65: 282.64831 | AI65: 289.97493 | AJ65: 300.50447 | AK65: 309.88964 | AL65: 1183.0173 | AM65: 317.2996 | AN65: 327.48492 | AO65: 329.44077 | AP65: 334.28386 | AQ65: 1308.5092 | AR65: 338.91942 | AS65: 343.0572 | AT65: 348.09083 | AU65: 353.14363 | AV65: 1383.2111 | AW65: 355.87716 | AX65: 359.6991 | AY65: 364.33032 | AZ65: 366.58806 | BA65: 1446.4946 | BB65: 368.43445 | BC65: 372.5347 | BD65: 374.17292 | BE65: 379.86039 | BF65: 1495.0025 | BG65: 380.63174 | BH65: 382.04792 | BI65: 386.2327 | BJ65: 393.73859 | BK65: 1542.651 | BL65: 393.97477 | BM65: 390.92437 | BN65: 392.49951 | BO65: 395.10141 | BP65: 1572.5001 | BQ65: 394.91321 | BR65: 395.53469 | BS65: 396.94094 | BT65: 397.56292 | BU65: 1584.9518 | BV65: 400.49516 | BW65: 411.15707 | BX65: 414.97127 | BY65: 417.6161 | BZ65: 1644.2396 | CA65: 424.75341 | CB65: 436.76098 | CC65: 431.26546 | CD65: 435.12909 | CE65: =SUM(CA65:CD65) -> 1727.9089 | CF65: 434.41772 | CG65: 445.02198 | CH65: 452.68096 | CI65: 468.82369 | CJ65: =SUM(CF65:CI65) -> 1800.9443 | CK65: 464.9445 | CL65: 489.07462 | CM65: 494.81968 | CN65: 508.97264 | CO65: =SUM(CK65:CN65) -> 1957.8114
A66: L | B66: Real Estate | D66: 14118.806 | E66: 14645.903 | F66: 15374.67 | G66: 15880.319 | H66: 60019.698 | I66: 16065.17 | J66: 16316.795 | K66: 16257.671 | L66: 16692.68 | M66: 65332.317 | N66: 17066.42 | O66: 17438.895 | P66: 18042.229 | Q66: 18882.957 | R66: 71430.502 | S66: 19106.539 | T66: 19469.665 | U66: 20046.084 | V66: 20342.677 | W66: 78964.964 | X66: 20748.761 | Y66: 21473.372 | Z66: 22484.715 | AA66: 22662.351 | AB66: 87369.199 | AC66: 22528.365 | AD66: 22927.233 | AE66: 24049.278 | AF66: 25652.742 | AG66: 95157.617 | AH66: 25789.22 | AI66: 26043.54 | AJ66: 27158.12 | AK66: 27769.68 | AL66: 106760.56 | AM66: 27917.09 | AN66: 28338.638 | AO66: 28579.516 | AP66: 28836.732 | AQ66: 113671.98 | AR66: 29096.263 | AS66: 29378.496 | AT66: 29748.666 | AU66: 30153.247 | AV66: 118376.67 | AW66: 30247.927 | AX66: 30634.397 | AY66: 31072.445 | AZ66: 31407.833 | BA66: 123362.6 | BB66: 31631.008 | BC66: 31940.864 | BD66: 32304.396 | BE66: 32533.71 | BF66: 128409.98 | BG66: 32618.057 | BH66: 32703.378 | BI66: 32858.568 | BJ66: 32917.137 | BK66: 131097.14 | BL66: 32905.124 | BM66: 32777.164 | BN66: 32812.832 | BO66: 32945.459 | BP66: 131440.58 | BQ66: 34358.585 | BR66: 34582.81 | BS66: 34597.199 | BT66: 34888.614 | BU66: 138427.21 | BV66: 34923.881 | BW66: 36682.091 | BX66: 36278.222 | BY66: 38265.883 | BZ66: 146150.08 | CA66: 38417.912 | CB66: 38538.617 | CC66: 38612.604 | CD66: 39192.174 | CE66: =SUM(CA66:CD66) -> 154761.31 | CF66: 39433.259 | CG66: 41064.848 | CH66: 41170.669 | CI66: 41449.518 | CJ66: =SUM(CF66:CI66) -> 163118.29 | CK66: 41630.007 | CL66: 41904.275 | CM66: 43661.778 | CN66: 44142.066 | CO66: =SUM(CK66:CN66) -> 171338.13
A67: M,N | B67: Jasa Perusahaan | D67: 40294.58 | E67: 41148.458 | F67: 42164.377 | G67: 42893.936 | H67: 166501.35 | I67: 42129.853 | J67: 43781.25 | K67: 47551.423 | L67: 51222.368 | M67: 184684.89 | N67: 48254.984 | O67: 49308.861 | P67: 51151.279 | Q67: 52865.492 | R67: 201580.62 | S67: 54313.61 | T67: 55176.929 | U67: 56719.293 | V67: 59203.226 | W67: 225413.06 | X67: 60710.91 | Y67: 62468.909 | Z67: 65504.736 | AA67: 67399.524 | AB67: 256084.08 | AC67: 69131.89 | AD67: 70525.276 | AE67: 72092.453 | AF67: 77139.92 | AG67: 288889.54 | AH67: 77576.31 | AI67: 80614.08 | AJ67: 82847.67 | AK67: 85350.95 | AL67: 326389.01 | AM67: 87154.46 | AN67: 88383.338 | AO67: 89187.626 | AP67: 89936.802 | AQ67: 354662.23 | AR67: 90764.221 | AS67: 91544.434 | AT67: 93045.763 | AU67: 95446.343 | AV67: 370800.76 | AW67: 96103.371 | AX67: 97679.467 | AY67: 100327.79 | AZ67: 102678.76 | BA67: 396789.38 | BB67: 102992.8 | BC67: 104764.56 | BD67: 106967.48 | BE67: 109439.38 | BF67: 424164.23 | BG67: 109576.63 | BH67: 110707.72 | BI67: 113909.72 | BJ67: 115964.56 | BK67: 450158.64 | BL67: 114986.02 | BM67: 110658.13 | BN67: 111636.97 | BO67: 113535.74 | BP67: 450816.86 | BQ67: 112140.84 | BR67: 118186.37 | BS67: 117964.43 | BT67: 126809.75 | BU67: 475101.39 | BV67: 120851.79 | BW67: 127673.05 | BX67: 131713.61 | BY67: 140596.59 | BZ67: 520835.03 | CA67: 133392.93 | CB67: 136106.42 | CC67: 139178.47 | CD67: 147140.76 | CE67: =SUM(CA67:CD67) -> 555818.58 | CF67: 142533.54 | CG67: 146074.7 | CH67: 146614.15 | CI67: 156003.33 | CJ67: =SUM(CF67:CI67) -> 591225.72 | CK67: 148282.95 | CL67: 152397.75 | CM67: 159734.5 | CN67: 167419.81 | CO67: =SUM(CK67:CN67) -> 627835
A68: O | B68: Administrasi Pemerintahan, Pertahanan dan Jaminan Sosial Wajib | D68: 542283.65 | E68: 579395.8 | F68: 600127.28 | G68: 651110.84 | H68: 2372917.6 | I68: 698127.73 | J68: 720060.07 | K68: 762175.73 | L68: 871468.99 | M68: 3051832.5 | N68: 805264.25 | O68: 853948.26 | P68: 876616.45 | Q68: 912111.56 | R68: 3447940.5 | S68: 918268.93 | T68: 997145.99 | U68: 1135471.1 | V68: 1255672.1 | W68: 4306558.1 | X68: 1220942.7 | Y68: 1283674.9 | Z68: 1326485.8 | AA68: 1380034.7 | AB68: 5211138.1 | AC68: 1318714.3 | AD68: 1400910.1 | AE68: 1509444.7 | AF68: 1652251.5 | AG68: 5881320.6 | AH68: 1572241.1 | AI68: 1609842.1 | AJ68: 1712141.1 | AK68: 1769980.6 | AL68: 6664204.8 | AM68: 1716395 | AN68: 1851852.2 | AO68: 1957379.4 | AP68: 2075674.3 | AQ68: 7601300.9 | AR68: 1954206.7 | AS68: 2074286.2 | AT68: 2108390.5 | AU68: 2176065 | AV68: 8312948.4 | AW68: 2088722.9 | AX68: 2196378.1 | AY68: 2236540.3 | AZ68: 2351446.1 | BA68: 8873087.4 | BB68: 2283658.6 | BC68: 2402181.4 | BD68: 2474526.5 | BE68: 2538470.1 | BF68: 9698836.6 | BG68: 2454430.3 | BH68: 2621841.8 | BI68: 2643091.4 | BJ68: 2694450.2 | BK68: 10413814 | BL68: 2617589 | BM68: 2635016.7 | BN68: 2711316.7 | BO68: 2612873.2 | BP68: 10576796 | BQ68: 2617286 | BR68: 2844981.8 | BS68: 2769472 | BT68: 2870706.9 | BU68: 11102447 | BV68: 2699482.9 | BW68: 3033140.5 | BX68: 3066229.7 | BY68: 3171086 | BZ68: 11969939 | CA68: 2895363.1 | CB68: 3357637.7 | CC68: 3147775.6 | CD68: 3176214.3 | CE68: =SUM(CA68:CD68) -> 12576991 | CF68: 3147962.2 | CG68: 3433160.1 | CH68: 3397725 | CI68: 3507089.6 | CJ68: =SUM(CF68:CI68) -> 13485937 | CK68: 3405918.6 | CL68: 3449689 | CM68: 3379555.7 | CN68: 3526850 | CO68: =SUM(CK68:CN68) -> 13762013
A69: P | B69: Jasa Pendidikan | D69: 196063.69 | E69: 200263.94 | F69: 205601 | G69: 211354.99 | H69: 813283.62 | I69: 233687.82 | J69: 237644.88 | K69: 244450.15 | L69: 251104.09 | M69: 966886.94 | N69: 259432.16 | O69: 263217.73 | P69: 267695.59 | Q69: 270417.89 | R69: 1060763.4 | S69: 281145.7 | T69: 288850.08 | U69: 294352.34 | V69: 302449.02 | W69: 1166797.1 | X69: 315363.11 | Y69: 323737.14 | Z69: 334556.24 | AA69: 342549.23 | AB69: 1316205.7 | AC69: 342323.76 | AD69: 354937.22 | AE69: 374452.4 | AF69: 394262.68 | AG69: 1465976.1 | AH69: 420367.19 | AI69: 436024.38 | AJ69: 441746.17 | AK69: 453873.32 | AL69: 1752011.1 | AM69: 461742.01 | AN69: 482258.23 | AO69: 498726 | AP69: 514190.85 | AQ69: 1956917.1 | AR69: 508014.58 | AS69: 532463.18 | AT69: 552965.33 | AU69: 566789.6 | AV69: 2160232.7 | AW69: 545029.52 | AX69: 568404.56 | AY69: 583425.74 | AZ69: 605002.82 | BA69: 2301862.6 | BB69: 588871.9 | BC69: 608278.58 | BD69: 627110.63 | BE69: 639547.01 | BF69: 2463808.1 | BG69: 624815.65 | BH69: 648220.62 | BI69: 675103.99 | BJ69: 705077.1 | BK69: 2653217.3 | BL69: 665994.47 | BM69: 668765.03 | BN69: 673220.06 | BO69: 681070.21 | BP69: 2689049.8 | BQ69: 678007.09 | BR69: 706452.7 | BS69: 711320.43 | BT69: 726757.66 | BU69: 2822537.9 | BV69: 730749.41 | BW69: 758191.1 | BX69: 758560.43 | BY69: 767163.66 | BZ69: 3014664.6 | CA69: 764503.85 | CB69: 790864.04 | CC69: 790306.38 | CD69: 791427.48 | CE69: =SUM(CA69:CD69) -> 3137101.8 | CF69: 795211.28 | CG69: 841340.11 | CH69: 848091.63 | CI69: 866661.14 | CJ69: =SUM(CF69:CI69) -> 3351304.1 | CK69: 849903.85 | CL69: 848017.67 | CM69: 852784.17 | CN69: 882784.04 | CO69: =SUM(CK69:CN69) -> 3433489.7
A70: Q | B70: Jasa Kesehatan dan Kegiatan Sosial | D70: 82915.928 | E70: 88199.185 | F70: 89905.637 | G70: 92363.054 | H70: 353383.81 | I70: 97232.057 | J70: 97658.069 | K70: 100362.8 | L70: 102479.25 | M70: 397732.17 | N70: 104455.17 | O70: 109291.1 | P70: 115908.7 | Q70: 120303.86 | R70: 449958.83 | S70: 123819.42 | T70: 122419.24 | U70: 129880.28 | V70: 135837.62 | W70: 511956.55 | X70: 140332 | Y70: 142825.66 | Z70: 147507.02 | AA70: 150209.73 | AB70: 580874.41 | AC70: 148867.17 | AD70: 153638.65 | AE70: 160717.45 | AF70: 166618.56 | AG70: 629841.84 | AH70: 165048.95 | AI70: 167719.94 | AJ70: 172186.83 | AK70: 177705.24 | AL70: 682660.96 | AM70: 176704.48 | AN70: 185423.83 | AO70: 192238.54 | AP70: 198941.5 | AQ70: 753308.35 | AR70: 192784.07 | AS70: 201641.95 | AT70: 206252.52 | AU70: 215195.86 | AV70: 815874.39 | AW70: 205095.65 | AX70: 213821.72 | AY70: 217370.6 | AZ70: 225900.27 | BA70: 862188.23 | BB70: 221351.41 | BC70: 226943.76 | BD70: 232596.53 | BE70: 237241.44 | BF70: 918133.14 | BG70: 237922.97 | BH70: 245490.48 | BI70: 250974.26 | BJ70: 253944.08 | BK70: 988331.79 | BL70: 257008.61 | BM70: 260685.28 | BN70: 260801.25 | BO70: 263657.96 | BP70: 1042153.1 | BQ70: 261720.8 | BR70: 278115.19 | BS70: 282446.45 | BT70: 292846.95 | BU70: 1115129.4 | BV70: 285312.7 | BW70: 305850.04 | BX70: 314048.72 | BY70: 337868.13 | BZ70: 1243079.6 | CA70: 333857.1 | CB70: 353591.25 | CC70: 345941.83 | CD70: 368135.69 | CE70: =SUM(CA70:CD70) -> 1401525.9 | CF70: 367258.85 | CG70: 395473.36 | CH70: 386297.83 | CI70: 406726.47 | CJ70: =SUM(CF70:CI70) -> 1555756.5 | CK70: 393591.25 | CL70: 418095.72 | CM70: 423612.94 | CN70: 427548.72 | CO70: =SUM(CK70:CN70) -> 1662848.6
A71: R,S,T,U | B71: Jasa lainnya | D71: 65604.117 | E71: 77407.396 | F71: 77845.448 | G71: 78470.666 | H71: 299327.63 | I71: 79751.459 | J71: 83256.556 | K71: 85259.263 | L71: 87870.449 | M71: 336137.73 | N71: 88295.867 | O71: 92770.421 | P71: 97632.018 | Q71: 98986.609 | R71: 377684.91 | S71: 99894.773 | T71: 102545.4 | U71: 102468.2 | V71: 107273.01 | W71: 412181.38 | X71: 105592.98 | Y71: 107423.08 | Z71: 110577.49 | AA71: 111851.5 | AB71: 435445.05 | AC71: 112282.07 | AD71: 116134.32 | AE71: 125955.41 | AF71: 136285.28 | AG71: 490657.09 | AH71: 132684.75 | AI71: 134307.02 | AJ71: 135085.62 | AK71: 140837.72 | AL71: 542915.11 | AM71: 140184.69 | AN71: 146086.47 | AO71: 150352.19 | AP71: 154772.54 | AQ71: 591395.89 | AR71: 149522.03 | AS71: 155109.08 | AT71: 160295.68 | AU71: 166953.87 | AV71: 631880.66 | AW71: 159627.68 | AX71: 164297.16 | AY71: 168122.42 | AZ71: 173604.34 | BA71: 665651.61 | BB71: 172207.48 | BC71: 176387.91 | BD71: 182891.14 | BE71: 185579.05 | BF71: 717065.59 | BG71: 184261.96 | BH71: 188477.7 | BI71: 196014.41 | BJ71: 197870.07 | BK71: 766624.14 | BL71: 194267.73 | BM71: 187115.96 | BN71: 187499.02 | BO71: 188511.04 | BP71: 757393.76 | BQ71: 186650.87 | BR71: 194031.38 | BS71: 196618.23 | BT71: 202971.85 | BU71: 780272.34 | BV71: 201124.88 | BW71: 211932.88 | BX71: 220505.91 | BY71: 230926.96 | BZ71: 864490.63 | CA71: 225544.89 | CB71: 236998.05 | CC71: 234541.77 | CD71: 254071.03 | CE71: =SUM(CA71:CD71) -> 951155.75 | CF71: 244514.21 | CG71: 259308.95 | CH71: 255220.14 | CI71: 281403.48 | CJ71: =SUM(CF71:CI71) -> 1040446.8 | CK71: 257542.89 | CL71: 278931.11 | CM71: 272623.36 | CN71: 296087.91 | CO71: =SUM(CK71:CN71) -> 1105185.3
B72: PRODUK DOMESTIK REGIONAL BRUTO | D72: =D71+D70+D69+D68+D67+D66+D61+D60+D57+D50+D47+D46+D45+D42+D25+D20+D9 -> 3393262.5 | E72: =E71+E70+E69+E68+E67+E66+E61+E60+E57+E50+E47+E46+E45+E42+E25+E20+E9 -> 3543465.1 | F72: =F71+F70+F69+F68+F67+F66+F61+F60+F57+F50+F47+F46+F45+F42+F25+F20+F9 -> 3660184 | G72: =G71+G70+G69+G68+G67+G66+G61+G60+G57+G50+G47+G46+G45+G42+G25+G20+G9 -> 3912589.6 | H72: =H71+H70+H69+H68+H67+H66+H61+H60+H57+H50+H47+H46+H45+H42+H25+H20+H9 -> 14509501 | I72: =I71+I70+I69+I68+I67+I66+I61+I60+I57+I50+I47+I46+I45+I42+I25+I20+I9 -> 3847783.5 | J72: =J71+J70+J69+J68+J67+J66+J61+J60+J57+J50+J47+J46+J45+J42+J25+J20+J9 -> 3928123.6 | K72: =K71+K70+K69+K68+K67+K66+K61+K60+K57+K50+K47+K46+K45+K42+K25+K20+K9 -> 4067074.3 | ... BU72: =BU71+BU70+BU69+BU68+BU67+BU66+BU61+BU60+BU57+BU50+BU47+BU46+BU45+BU42+BU25+BU20+BU9 -> 48893675 | BV72: 12590550 | BW72: 13430413 | BX72: 13840255 | BY72: 14217408 | BZ72: 54078625 | CA72: =CA71+CA70+CA69+CA68+CA67+CA66+CA61+CA60+CA57+CA50+CA47+CA46+CA45+CA42+CA25+CA20+CA9 -> 13878485 | CB72: =CB71+CB70+CB69+CB68+CB67+CB66+CB61+CB60+CB57+CB50+CB47+CB46+CB45+CB42+CB25+CB20+CB9 -> 14681146 | CC72: =CC71+CC70+CC69+CC68+CC67+CC66+CC61+CC60+CC57+CC50+CC47+CC46+CC45+CC42+CC25+CC20+CC9 -> 14760288 | CD72: =CD71+CD70+CD69+CD68+CD67+CD66+CD61+CD60+CD57+CD50+CD47+CD46+CD45+CD42+CD25+CD20+CD9 -> 15167875 | CE72: =CE71+CE70+CE69+CE68+CE67+CE66+CE61+CE60+CE57+CE50+CE47+CE46+CE45+CE42+CE25+CE20+CE9 -> 58487794 | CF72: =CF71+CF70+CF69+CF68+CF67+CF66+CF61+CF60+CF57+CF50+CF47+CF46+CF45+CF42+CF25+CF20+CF9 -> 14888158 | CG72: =CG71+CG70+CG69+CG68+CG67+CG66+CG61+CG60+CG57+CG50+CG47+CG46+CG45+CG42+CG25+CG20+CG9 -> 15469458 | CH72: =CH71+CH70+CH69+CH68+CH67+CH66+CH61+CH60+CH57+CH50+CH47+CH46+CH45+CH42+CH25+CH20+CH9 -> 15953733 | ... CO72: =CO71+CO70+CO69+CO68+CO67+CO66+CO61+CO60+CO57+CO50+CO47+CO46+CO45+CO42+CO25+CO20+CO9 -> 66313125
A75: TABEL 2. PDRB SERI 2010 ATAS DASAR HARGA KONSTAN MENURUT LAPANGAN USAHA (JUTA RUPIAH)
A76: =A2 -> Propinsi | B76: =B2 -> : | C76: =IF(C2="","",C2) -> Maluku | D76: =D2 -> Kabupaten/Kota : | E76: =IF(E2="","",E2) -> Maluku
A78: Kategori | B78: Uraian | D78: 2008 | I78: =D78+1 -> 2009 | N78: =I78+1 -> 2010 | S78: =N78+1 -> 2011 | X78: =S78+1 -> 2012 | AC78: =X78+1 -> 2013 | AH78: =AC78+1 -> 2014 | AM78: =AH78+1 -> 2015 | AR78: =AM78+1 -> 2016 | AW78: =AR78+1 -> 2017 | BB78: =AW78+1 -> 2018 | BG78: =BB78+1 -> 2019 | BL78: =BG78+1 -> 2020 | BQ78: =BL78+1 -> 2021 | BV78: =BQ78+1 -> 2022 | CA78: =BV78+1 -> 2023 | CF78: =CA78+1 -> 2024 | CK78: =CF78+1 -> 2025
D79: Q1 | E79: Q2 | F79: Q3 | G79: Q4 | H79: Total | I79: Q1 | J79: Q2 | K79: Q3 | L79: Q4 | M79: Total | N79: Q1 | O79: Q2 | P79: Q3 | Q79: Q4 | R79: Total | S79: Q1 | T79: Q2 | U79: Q3 | V79: Q4 | W79: Total | X79: Q1 | Y79: Q2 | Z79: Q3 | AA79: Q4 | AB79: Total | AC79: Q1 | AD79: Q2 | AE79: Q3 | AF79: Q4 | AG79: Total | AH79: Q1 | AI79: Q2 | AJ79: Q3 | AK79: Q4 | AL79: Total | AM79: Q1 | AN79: Q2 | AO79: Q3 | AP79: Q4 | AQ79: Total | AR79: Q1 | AS79: Q2 | AT79: Q3 | AU79: Q4 | AV79: Total | AW79: Q1 | AX79: Q2 | AY79: Q3 | AZ79: Q4 | BA79: Total | BB79: Q1 | BC79: Q2 | BD79: Q3 | BE79: Q4 | BF79: Total | BG79: Q1 | BH79: Q2 | BI79: Q3 | BJ79: Q4 | BK79: Total | BL79: Q1 | BM79: Q2 | BN79: Q3 | BO79: Q4 | BP79: Total | BQ79: Q1 | BR79: Q2 | BS79: Q3 | BT79: Q4 | BU79: Total | BV79: Q1 | BW79: Q2 | BX79: Q3 | BY79: Q4 | BZ79: Total | CA79: Q1 | CB79: Q2 | CC79: Q3 | CD79: Q4 | CE79: Total | CF79: Q1 | CG79: Q2 | CH79: Q3 | CI79: Q4 | CJ79: Total | CK79: Q1 | CL79: Q2 | CM79: Q3 | CN79: Q4 | CO79: Total
A81: -1 | B81: -2 | D81: -3 | E81: =D81-1 -> -4 | F81: =E81-1 -> -5 | G81: =F81-1 -> -6 | H81: =G81-1 -> -7 | I81: =H81-1 -> -8 | J81: =I81-1 -> -9 | K81: =J81-1 -> -10 | L81: =K81-1 -> -11 | ... CO81: =CN81-1 -> -92
A83: A | B83: Pertanian, Kehutanan, dan Perikanan | D83: 1084317.3 | E83: 1094860.5 | F83: 1093735.5 | G83: 1109355.7 | H83: 4382269 | I83: 1109899.6 | J83: 1130285 | K83: 1135579.2 | L83: 1184364 | M83: 4560127.7 | N83: 1174623 | O83: 1198265.8 | P83: 1217866 | Q83: 1234961.7 | R83: 4825716.6 | S83: 1241203 | T83: 1194435.7 | U83: 1237731.5 | V83: 1299226.4 | W83: 4972596.7 | X83: 1302447.1 | Y83: 1342757 | Z83: 1307900.6 | AA83: 1329508.4 | AB83: 5282613 | AC83: 1329845.8 | AD83: 1365127 | AE83: 1361165.4 | AF83: 1444781.9 | AG83: 5500920.1 | AH83: 1439128.9 | AI83: 1453732.5 | AJ83: 1462384.8 | AK83: 1480194.7 | AL83: 5835441 | AM83: 1477838.4 | AN83: 1482902.6 | AO83: 1468911.3 | AP83: 1478706.1 | AQ83: 5908358.3 | AR83: 1504320.4 | AS83: 1524453.9 | AT83: 1562383.5 | AU83: 1596856.6 | AV83: 6188014.4 | AW83: 1635787 | AX83: 1621756.6 | AY83: 1635656 | AZ83: 1665398.5 | BA83: 6558598.1 | BB83: 1669355.7 | BC83: 1674975.3 | BD83: 1724039.5 | BE83: 1790177.4 | BF83: 6858547.8 | BG83: 1768071.8 | BH83: 1765285.1 | BI83: 1827558.7 | BJ83: 1869322.9 | BK83: 7230238.4 | BL83: 1843726.9 | BM83: 1809621.8 | BN83: 1806431.9 | BO83: 1893934.1 | BP83: 7353714.7 | BQ83: 1826862.1 | BR83: 1820283.4 | BS83: 1849640 | BT83: 1912371.6 | BU83: 7409157.1 | BV83: 1914893.8 | BW83: 1917507.1 | BX83: 1989972.5 | BY83: 2010862.6 | BZ83: 7833236 | CA83: =CA84+CA92+CA93 -> 2021183.8 | CB83: =CB84+CB92+CB93 -> 2022581.1 | CC83: =CC84+CC92+CC93 -> 2086974 | CD83: =CD84+CD92+CD93 -> 2145997.9 | CE83: =CE84+CE92+CE93 -> 8276737 | CF83: =CF84+CF92+CF93 -> 2121235.2 | CG83: =CG84+CG92+CG93 -> 2041869.3 | CH83: =CH84+CH92+CH93 -> 2178876.3 | ... CO83: =CO84+CO92+CO93 -> 9106608.1
B84: 1 | C84: Pertanian, Peternakan, Perburuan dan Jasa Pertanian | D84: 500042.54 | E84: 508674.62 | F84: 503385.72 | G84: 511018.82 | H84: 2023121.7 | I84: 517339.24 | J84: 521848.71 | K84: 516886.78 | L84: 530326.12 | M84: 2086400.8 | N84: 527639.57 | O84: 530780.36 | P84: 538452.01 | Q84: 547772.46 | R84: 2144644.4 | S84: 544530.58 | T84: 539519.45 | U84: 552466.3 | V84: 568210.4 | W84: 2204726.7 | X84: 565093.4 | Y84: 574580.96 | Z84: 571105.11 | AA84: 577283.75 | AB84: 2288063.2 | AC84: 574484.15 | AD84: 585385.26 | AE84: 587838.65 | AF84: 617058.02 | AG84: 2364766.1 | AH84: 609413.85 | AI84: 623669.72 | AJ84: 630175.71 | AK84: 645814.81 | AL84: 2509074.1 | AM84: 647306.97 | AN84: 633644.01 | AO84: 629725.49 | AP84: 636140.41 | AQ84: 2546816.9 | AR84: 664207.89 | AS84: 672207.17 | AT84: 695248.78 | AU84: 708183.39 | AV84: 2739847.2 | AW84: 740648.28 | AX84: 726288.5 | AY84: 745680.36 | AZ84: 739807.92 | BA84: 2952425.1 | BB84: 743988.95 | BC84: 751733.48 | BD84: 778779.03 | BE84: 795685.56 | BF84: 3070187 | BG84: 786378.13 | BH84: 788565.2 | BI84: 824476.78 | BJ84: 829015.81 | BK84: 3228435.9 | BL84: 814819.64 | BM84: 821513.29 | BN84: 817041.05 | BO84: 858368.27 | BP84: 3311742.3 | BQ84: 796010.72 | BR84: 796609.11 | BS84: 802439.7 | BT84: 842237.38 | BU84: 3237296.9 | BV84: 846652.82 | BW84: 849097.01 | BX84: 858911.83 | BY84: 838808.38 | BZ84: 3393470 | CA84: =SUM(CA85:CA91) -> 874133.03 | CB84: =SUM(CB85:CB91) -> 882829.56 | CC84: =SUM(CC85:CC91) -> 889257.69 | CD84: =SUM(CD85:CD91) -> 896124.72 | CE84: =SUM(CE85:CE91) -> 3542345 | CF84: =SUM(CF85:CF91) -> 916695.23 | CG84: =SUM(CG85:CG91) -> 922904.81 | CH84: =SUM(CH85:CH91) -> 966309.46 | ... CO84: =SUM(CO85:CO91) -> 3848200.7
C85: a. Tanaman Pangan | D85: 280736.93 | E85: 287643.06 | F85: 280193.1 | G85: 285603.07 | H85: 1134176.2 | I85: 288717.35 | J85: 291001.56 | K85: 284046.61 | L85: 292028.53 | M85: 1155794.1 | N85: 296820.86 | O85: 297740.99 | P85: 300926.8 | Q85: 303003.18 | R85: 1198491.8 | S85: 301351.02 | T85: 294871.96 | U85: 305074.53 | V85: 313891.2 | W85: 1215188.7 | X85: 316457.58 | Y85: 321109.52 | Z85: 316421.34 | AA85: 318984.36 | AB85: 1272972.8 | AC85: 322662.27 | AD85: 327566.73 | AE85: 322751.51 | AF85: 337372.14 | AG85: 1310352.7 | AH85: 343013.15 | AI85: 352460.88 | AJ85: 356636.47 | AK85: 362715.12 | AL85: 1414825.6 | AM85: 371725.87 | AN85: 354215.11 | AO85: 346052.09 | AP85: 345510.54 | AQ85: 1417503.6 | AR85: 372404.9 | AS85: 373916.71 | AT85: 390283.83 | AU85: 401144.62 | AV85: 1537750.1 | AW85: 427337.96 | AX85: 403023.13 | AY85: 417997.42 | AZ85: 411915.1 | BA85: 1660273.6 | BB85: 411600.93 | BC85: 411521.54 | BD85: 426283.97 | BE85: 438804.97 | BF85: 1688211.4 | BG85: 428294.34 | BH85: 428263.26 | BI85: 450488.07 | BJ85: 444481.79 | BK85: 1751527.5 | BL85: 428121.41 | BM85: 435738.46 | BN85: 431999.5 | BO85: 471500.86 | BP85: 1767360.2 | BQ85: 405157.14 | BR85: 402215.42 | BS85: 402141.28 | BT85: 439387.01 | BU85: 1648900.8 | BV85: 439644.83 | BW85: 437623.89 | BX85: 437976.77 | BY85: 409216.51 | BZ85: 1724462 | CA85: 442303 | CB85: 445676.94 | CC85: 453638.97 | CD85: 441255.27 | CE85: =SUM(CA85:CD85) -> 1782874.2 | CF85: 458338.25 | CG85: 451970.15 | CH85: 496062.21 | CI85: 375482.01 | CJ85: =SUM(CF85:CI85) -> 1781852.6 | CK85: 481934.02 | CL85: 460905.49 | CM85: 518978.48 | CN85: 412403.54 | CO85: =SUM(CK85:CN85) -> 1874221.5
C86: b. Tanaman Hortikultura Semusim | D86: 29562.871 | E86: 30290.117 | F86: 29505.603 | G86: 30075.297 | H86: 119433.89 | I86: 30504.678 | J86: 30761.122 | K86: 30028.424 | L86: 30822.18 | M86: 122116.4 | N86: 31270.261 | O86: 31367.196 | P86: 31702.824 | Q86: 31921.572 | R86: 126261.85 | S86: 32186.89 | T86: 31494.871 | U86: 32584.594 | V86: 33526.29 | W86: 129792.65 | X86: 33849.903 | Y86: 34381.149 | Z86: 33877.146 | AA86: 34108.715 | AB86: 136216.91 | AC86: 34525.563 | AD86: 35086.27 | AE86: 34539.581 | AF86: 36025.455 | AG86: 140176.87 | AH86: 36072.29 | AI86: 36429.41 | AJ86: 36877.49 | AK86: 37316.33 | AL86: 146695.52 | AM86: 36775.24 | AN86: 37010.897 | AO86: 36870.593 | AP86: 37611.978 | AQ86: 148268.71 | AR86: 38053.84 | AS86: 38734.164 | AT86: 38947.17 | AU86: 39834.642 | AV86: 155569.82 | AW86: 40534.674 | AX86: 41081.764 | AY86: 41499.278 | AZ86: 41730.195 | BA86: 164845.91 | BB86: 43031.418 | BC86: 42995.333 | BD86: 43720.715 | BE86: 45027.964 | BF86: 174775.43 | BG86: 46388.167 | BH86: 46099.121 | BI86: 46937.629 | BJ86: 47059.72 | BK86: 186484.64 | BL86: 49092.324 | BM86: 49749.554 | BN86: 47372.334 | BO86: 47991.273 | BP86: 194205.48 | BQ86: 50164.629 | BR86: 51316.336 | BS86: 51624.333 | BT86: 51797.713 | BU86: 204903.01 | BV86: 55159.457 | BW86: 55256.778 | BX86: 56302.049 | BY86: 56589.501 | BZ86: 223307.78 | CA86: 58269.788 | CB86: 58509.079 | CC86: 59665.534 | CD86: 60843.931 | CE86: =SUM(CA86:CD86) -> 237288.33 | CF86: 61416.704 | CG86: 61238.94 | CH86: 60958.607 | CI86: 63556.885 | CJ86: =SUM(CF86:CI86) -> 247171.14 | CK86: 64164.124 | CL86: 66048.223 | CM86: 66810.426 | CN86: 67311.528 | CO86: =SUM(CK86:CN86) -> 264334.3
C87: c. Perkebunan Semusim | D87: 6969.7195 | E87: 7008.0529 | F87: 7136.3003 | G87: 7186.9722 | H87: 28301.045 | I87: 7327.8883 | J87: 7389.4429 | K87: 7489.2007 | L87: 7643.4777 | M87: 29850.01 | N87: 7354.8959 | O87: 7419.909 | P87: 7457.1048 | Q87: 7847.2972 | R87: 30079.207 | S87: 7804.3137 | T87: 7863.6267 | U87: 7888.7903 | V87: 8097.0547 | W87: 31653.785 | X87: 7887.0025 | Y87: 8032.0434 | Z87: 8102.9523 | AA87: 8209.3157 | AB87: 32231.314 | AC87: 7927.001 | AD87: 8113.8327 | AE87: 8420.7704 | AF87: 8901.1947 | AG87: 33362.799 | AH87: 8359.06 | AI87: 8435.42 | AJ87: 8501.68 | AK87: 8922.011 | AL87: 34218.171 | AM87: 8724.83 | AN87: 8862.9788 | AO87: 8867.0715 | AP87: 8934.1014 | AQ87: 35388.982 | AR87: 8944.6138 | AS87: 8959.7315 | AT87: 8967.6908 | AU87: 8972.0851 | AV87: 35844.121 | AW87: 8977.152 | AX87: 8987.9245 | AY87: 9035.5605 | AZ87: 8994.1575 | BA87: 35994.795 | BB87: 9015.9213 | BC87: 9028.5349 | BD87: 9074.1549 | BE87: 9154.6594 | BF87: 36273.271 | BG87: 9181.8101 | BH87: 9199.5015 | BI87: 9201.3477 | BJ87: 9207.4601 | BK87: 36790.119 | BL87: 9256.0032 | BM87: 9322.6625 | BN87: 9332.9669 | BO87: 9341.23 | BP87: 37252.863 | BQ87: 9344.0516 | BR87: 9349.6357 | BS87: 9365.3917 | BT87: 9395.0473 | BU87: 37454.126 | BV87: 9398.4813 | BW87: 9401.5222 | BX87: 9405.0217 | BY87: 9413.6911 | BZ87: 37618.716 | CA87: 9444.198 | CB87: 9461.2713 | CC87: 9023.5973 | CD87: 9829.3673 | CE87: =SUM(CA87:CD87) -> 37758.434 | CF87: 8798.4813 | CG87: 9466.5326 | CH87: 9558.9665 | CI87: 9352.3688 | CJ87: =SUM(CF87:CI87) -> 37176.349 | CK87: 9359.0627 | CL87: 9483.6779 | CM87: 9776.2792 | CN87: 9556.2792 | CO87: =SUM(CK87:CN87) -> 38175.299
C88: d. Tanaman Hortikultura Tahunan dan Lainnya | D88: 287.86642 | E88: 294.94794 | F88: 287.30878 | G88: 292.85614 | H88: 1162.9793 | I88: 296.68047 | J88: 299.53431 | K88: 292.63753 | L88: 300.24777 | M88: 1189.1001 | N88: 304.49201 | O88: 305.43592 | P88: 308.70407 | Q88: 310.83411 | R88: 1229.4661 | S88: 311.37231 | T88: 304.67779 | U88: 315.21964 | V88: 324.32951 | W88: 1255.5992 | X88: 328.3778 | Y88: 333.20497 | Z88: 328.34019 | AA88: 330.99976 | AB88: 1320.9227 | AC88: 334.5557 | AD88: 339.85317 | AE88: 334.82737 | AF88: 349.08979 | AG88: 1358.326 | AH88: 349.47 | AI88: 352.89 | AJ88: 356.31 | AK88: 360.66 | AL88: 1419.33 | AM88: 369.43661 | AN88: 382.55093 | AO88: 381.1796 | AP88: 382.02564 | AQ88: 1515.1928 | AR88: 391.64676 | AS88: 396.01692 | AT88: 391.72817 | AU88: 402.93743 | AV88: 1582.3293 | AW88: 414.74741 | AX88: 427.45527 | AY88: 430.60019 | AZ88: 434.82108 | BA88: 1707.624 | BB88: 451.71936 | BC88: 460.69695 | BD88: 466.37484 | BE88: 471.21942 | BF88: 1850.0106 | BG88: 494.15 | BH88: 492.42 | BI88: 503.39598 | BJ88: 512.89288 | BK88: 2002.8589 | BL88: 531.24032 | BM88: 536.31959 | BN88: 510.46682 | BO88: 523.52 | BP88: 2101.5467 | BQ88: 535.41986 | BR88: 541.94711 | BS88: 545.33252 | BT88: 552.8112 | BU88: 2175.5107 | BV88: 567.13807 | BW88: 584.71251 | BX88: 594.05817 | BY88: 597.3885 | BZ88: 2343.2973 | CA88: 609.8004 | CB88: 626.93804 | CC88: 628.62539 | CD88: 634.98198 | CE88: =SUM(CA88:CD88) -> 2500.3458 | CF88: 648.41204 | CG88: 667.44442 | CH88: 670.87616 | CI88: 693.30783 | CJ88: =SUM(CF88:CI88) -> 2680.0404 | CK88: 695.24227 | CL88: 706.07159 | CM88: 713.22966 | CN88: 729.75998 | CO88: =SUM(CK88:CN88) -> 2844.3035
C89: e. Perkebunan Tahunan | D89: 148989.95 | E89: 149809.39 | F89: 152550.9 | G89: 153634.1 | H89: 604984.34 | I89: 156368.79 | J89: 157682.3 | K89: 159811.01 | L89: 163103.11 | M89: 636965.21 | N89: 156554.93 | O89: 157744.7 | P89: 161346.33 | Q89: 167349.7 | R89: 642995.66 | S89: 165787.03 | T89: 167047.02 | U89: 167581.57 | V89: 172005.73 | W89: 672421.34 | X89: 166449.95 | Y89: 169529.27 | Z89: 171004.18 | AA89: 173466.63 | AB89: 680450.02 | AC89: 167828.96 | AD89: 171823.3 | AE89: 178232.31 | AF89: 188890.59 | AG89: 706775.16 | AH89: 177009.38 | AI89: 180567.27 | AJ89: 182102.09 | AK89: 189706.15 | AL89: 729384.89 | AM89: 183208.04 | AN89: 186371 | AO89: 190568.78 | AP89: 196161.52 | AQ89: 756309.34 | AR89: 197174.34 | AS89: 202520.62 | AT89: 208448.58 | AU89: 208827.69 | AV89: 816971.23 | AW89: 213991.82 | AX89: 222120.35 | AY89: 225541.16 | AZ89: 225111.22 | BA89: 886764.54 | BB89: 228127.37 | BC89: 234452.63 | BD89: 245278.83 | BE89: 247435.65 | BF89: 955294.47 | BG89: 247487.43 | BH89: 248673.56 | BI89: 260012.84 | BJ89: 269179.66 | BK89: 1025353.5 | BL89: 269575.91 | BM89: 269659.27 | BN89: 269912.86 | BO89: 270256.8 | BP89: 1079404.8 | BQ89: 272647.99 | BR89: 274352.88 | BS89: 277985.28 | BT89: 279958.18 | BU89: 1104944.3 | BV89: 279775.47 | BW89: 282225.37 | BX89: 288612.15 | BY89: 297312.09 | BZ89: 1147925.1 | CA89: 297068.06 | CB89: 300256.85 | CC89: 298394.87 | CD89: 313695.02 | CE89: =SUM(CA89:CD89) -> 1209414.8 | CF89: 318336.35 | CG89: 328002.28 | CH89: 328104.32 | CI89: 330073.43 | CJ89: =SUM(CF89:CI89) -> 1304516.4 | CK89: 330279.65 | CL89: 336070.31 | CM89: 351241.35 | CN89: 352179.66 | CO89: =SUM(CK89:CN89) -> 1369771
C90: f. Peternakan | D90: 24154.988 | E90: 24212.96 | F90: 24288.02 | G90: 24679.783 | H90: 97335.75 | I90: 24347.176 | J90: 24763.522 | K90: 25214.23 | L90: 26013.51 | M90: 100338.44 | N90: 25156.576 | O90: 25871.028 | P90: 26191.84 | Q90: 26647.579 | R90: 103867.02 | S90: 26271.284 | T90: 27469.263 | U90: 28208.184 | V90: 29040.332 | W90: 110989.06 | X90: 28818.767 | Y90: 29556.529 | Z90: 29993.967 | AA90: 30620.845 | AB90: 118990.11 | AC90: 29669.42 | AD90: 30609.934 | AE90: 31693.532 | AF90: 32923.231 | AG90: 124896.12 | AH90: 32281.23 | AI90: 32968.82 | AJ90: 33183.12 | AK90: 34035.93 | AL90: 132469.1 | AM90: 33983.536 | AN90: 34164.658 | AO90: 34428.532 | AP90: 34755.259 | AQ90: 137331.98 | AR90: 34386.415 | AS90: 34579.068 | AT90: 34778.076 | AU90: 35283.876 | AV90: 139027.43 | AW90: 35533.558 | AX90: 36694.438 | AY90: 36808.134 | AZ90: 37235.601 | BA90: 146271.73 | BB90: 37284.571 | BC90: 38736.43 | BD90: 39304.875 | BE90: 39970.401 | BF90: 155296.28 | BG90: 39699.295 | BH90: 41000.858 | BI90: 42198.829 | BJ90: 43028.614 | BK90: 165927.6 | BL90: 42690.696 | BM90: 40940.276 | BN90: 42280.248 | BO90: 43070.36 | BP90: 168981.58 | BQ90: 42471.644 | BR90: 43052.466 | BS90: 44866.881 | BT90: 44804.823 | BU90: 175195.81 | BV90: 45537.659 | BW90: 47309.248 | BX90: 48879.393 | BY90: 48516.914 | BZ90: 190243.22 | CA90: 48845.1 | CB90: 50603.755 | CC90: 50180.634 | CD90: 51969.249 | CE90: =SUM(CA90:CD90) -> 201598.74 | CF90: 51037.659 | CG90: 53407.659 | CH90: 52097.659 | CI90: 55597.66 | CJ90: =SUM(CF90:CI90) -> 212140.64 | CK90: 53529.082 | CL90: 56113.286 | CM90: 54536.921 | CN90: 58280.634 | CO90: =SUM(CK90:CN90) -> 222459.92
C91: g. Jasa Pertanian dan Perburuan | D91: 9340.2176 | E91: 9416.0976 | F91: 9424.4861 | G91: 9546.7326 | H91: 37727.534 | I91: 9776.6739 | J91: 9951.2288 | K91: 10004.659 | L91: 10415.065 | M91: 40147.627 | N91: 10177.561 | O91: 10331.105 | P91: 10518.398 | Q91: 10692.289 | R91: 41719.353 | S91: 10818.671 | T91: 10468.032 | U91: 10813.409 | V91: 11325.46 | W91: 43425.571 | X91: 11301.814 | Y91: 11639.237 | Z91: 11377.19 | AA91: 11562.891 | AB91: 45881.132 | AC91: 11536.382 | AD91: 11845.344 | AE91: 11866.117 | AF91: 12596.315 | AG91: 47844.157 | AH91: 12329.27 | AI91: 12455.03 | AJ91: 12518.55 | AK91: 12758.61 | AL91: 50061.46 | AM91: 12520.02 | AN91: 12636.807 | AO91: 12557.251 | AP91: 12784.986 | AQ91: 50499.065 | AR91: 12852.136 | AS91: 13100.853 | AT91: 13431.71 | AU91: 13717.547 | AV91: 53102.246 | AW91: 13858.372 | AX91: 13953.438 | AY91: 14368.208 | AZ91: 14386.824 | BA91: 56566.841 | BB91: 14477.031 | BC91: 14538.319 | BD91: 14650.113 | BE91: 14820.701 | BF91: 58486.164 | BG91: 14832.943 | BH91: 14836.473 | BI91: 15134.662 | BJ91: 15545.673 | BK91: 60349.75 | BL91: 15552.062 | BM91: 15566.752 | BN91: 15632.667 | BO91: 15684.221 | BP91: 62435.703 | BQ91: 15689.842 | BR91: 15780.424 | BS91: 15911.198 | BT91: 16341.797 | BU91: 63723.261 | BV91: 16569.779 | BW91: 16695.482 | BX91: 17142.387 | BY91: 17162.287 | BZ91: 67569.935 | CA91: 17593.082 | CB91: 17694.723 | CC91: 17725.463 | CD91: 17896.896 | CE91: =SUM(CA91:CD91) -> 70910.164 | CF91: 18119.377 | CG91: 18151.801 | CH91: 18856.823 | CI91: 18909.309 | CJ91: =SUM(CF91:CI91) -> 74037.31 | CK91: 19085.278 | CL91: 18725.458 | CM91: 19036.562 | CN91: 19547.051 | CO91: =SUM(CK91:CN91) -> 76394.349
B92: 2 | C92: Kehutanan dan Penebangan Kayu | D92: 27960.77 | E92: 26812.125 | F92: 26892.618 | G92: 26349.595 | H92: 108015.11 | I92: 27150.984 | J92: 27591.179 | K92: 27043.591 | L92: 27836.744 | M92: 109622.5 | N92: 27049.191 | O92: 27341.331 | P92: 27491.21 | Q92: 28356.063 | R92: 110237.79 | S92: 28088.493 | T92: 28386.235 | U92: 28599.134 | V92: 29302.673 | W92: 114376.53 | X92: 28763.509 | Y92: 29258.24 | Z92: 29281.654 | AA92: 29357.796 | AB92: 116661.2 | AC92: 26856.503 | AD92: 28142.938 | AE92: 30070.737 | AF92: 32662.841 | AG92: 117733.02 | AH92: 29729.47 | AI92: 30569.24 | AJ92: 30922.5 | AK92: 31681.381 | AL92: 122902.59 | AM92: 32456.199 | AN92: 30536.398 | AO92: 30915.815 | AP92: 32736.331 | AQ92: 126644.74 | AR92: 32444.636 | AS92: 30532.948 | AT92: 30436.467 | AU92: 32288.371 | AV92: 125702.42 | AW92: 32115.255 | AX92: 33564.346 | AY92: 33132.761 | AZ92: 34396.618 | BA92: 133208.98 | BB92: 34390.919 | BC92: 35882.788 | BD92: 36089.866 | BE92: 36847.408 | BF92: 143210.98 | BG92: 35803.856 | BH92: 35714.589 | BI92: 37003.128 | BJ92: 38953.842 | BK92: 147475.42 | BL92: 37330.186 | BM92: 35703.549 | BN92: 34961.773 | BO92: 36305.288 | BP92: 144300.8 | BQ92: 35472.639 | BR92: 33904.793 | BS92: 36001.939 | BT92: 39617.496 | BU92: 144996.87 | BV92: 38440.674 | BW92: 38860.328 | BX92: 40618.692 | BY92: 40970.571 | BZ92: 158890.26 | CA92: 38385.816 | CB92: 39457.899 | CC92: 37298.571 | CD92: 37472.053 | CE92: =SUM(CA92:CD92) -> 152614.34 | CF92: 36440.674 | CG92: 36415.166 | CH92: 37124.841 | CI92: 41187.512 | CJ92: =SUM(CF92:CI92) -> 151168.19 | CK92: 32046.949 | CL92: 36524.517 | CM92: 32896.323 | CN92: 36791.727 | CO92: =SUM(CK92:CN92) -> 138259.52
B93: 3 | C93: Perikanan | D93: 556314.03 | E93: 559373.76 | F93: 563457.18 | G93: 571987.25 | H93: 2251132.2 | I93: 565409.4 | J93: 580845.08 | K93: 591648.79 | L93: 626201.09 | M93: 2364104.4 | N93: 619934.28 | O93: 640144.15 | P93: 651922.82 | Q93: 658833.2 | R93: 2570834.4 | S93: 668583.93 | T93: 626529.99 | U93: 656666.1 | V93: 701713.38 | W93: 2653493.4 | X93: 708590.16 | Y93: 738917.8 | Z93: 707513.78 | AA93: 722866.82 | AB93: 2877888.6 | AC93: 728505.2 | AD93: 751598.8 | AE93: 743256.05 | AF93: 795060.99 | AG93: 3018421 | AH93: 799985.62 | AI93: 799493.57 | AJ93: 801286.61 | AK93: 802698.49 | AL93: 3203464.3 | AM93: 798075.22 | AN93: 818722.16 | AO93: 808269.95 | AP93: 809829.4 | AQ93: 3234896.7 | AR93: 807667.83 | AS93: 821713.79 | AT93: 836698.3 | AU93: 856384.81 | AV93: 3322464.7 | AW93: 863023.42 | AX93: 861903.78 | AY93: 856842.89 | AZ93: 891193.93 | BA93: 3472964 | BB93: 890975.79 | BC93: 887359 | BD93: 909170.6 | BE93: 957644.45 | BF93: 3645149.8 | BG93: 945889.79 | BH93: 941005.27 | BI93: 966078.76 | BJ93: 1001353.2 | BK93: 3854327 | BL93: 991577.1 | BM93: 952404.97 | BN93: 954429.04 | BO93: 999260.57 | BP93: 3897671.7 | BQ93: 995378.72 | BR93: 989769.46 | BS93: 1011198.4 | BT93: 1030516.7 | BU93: 4026863.3 | BV93: 1029800.3 | BW93: 1029549.7 | BX93: 1090442 | BY93: 1131083.6 | BZ93: 4280875.7 | CA93: 1108665 | CB93: 1100293.7 | CC93: 1160417.8 | CD93: 1212401.2 | CE93: =SUM(CA93:CD93) -> 4581777.6 | CF93: 1168099.3 | CG93: 1082549.4 | CH93: 1175442 | CI93: 1320744 | CJ93: =SUM(CF93:CI93) -> 4746834.8 | CK93: 1228456.1 | CL93: 1197087.1 | CM93: 1297808.1 | CN93: 1396796.6 | CO93: =SUM(CK93:CN93) -> 5120147.9
A94: B | B94: Pertambangan dan Penggalian | D94: 215474.34 | E94: 212457.43 | F94: 210894.29 | G94: 243255.73 | H94: 882081.79 | I94: 144483.08 | J94: 149806.25 | K94: 162385.59 | L94: 173086.66 | M94: 629761.57 | N94: 136343.36 | O94: 142729.02 | P94: 152688.77 | Q94: 147744.53 | R94: 579505.67 | S94: 149927.68 | T94: 161451.76 | U94: 172586.65 | V94: 170544.32 | W94: 654510.42 | X94: 156831.57 | Y94: 162454.81 | Z94: 167023.82 | AA94: 177153.4 | AB94: 663463.6 | AC94: 157555.27 | AD94: 169982.3 | AE94: 172640.68 | AF94: 174247.58 | AG94: 674425.83 | AH94: 191239.53 | AI94: 202756.21 | AJ94: 214307.93 | AK94: 210912.56 | AL94: 819216.23 | AM94: 196202.07 | AN94: 195203.72 | AO94: 205413.14 | AP94: 214453.57 | AQ94: 811272.5 | AR94: 207958.77 | AS94: 203153.96 | AT94: 210860.63 | AU94: 220995.33 | AV94: 842968.68 | AW94: 218792.34 | AX94: 216850.27 | AY94: 207579.89 | AZ94: 201535.32 | BA94: 844757.82 | BB94: 196488.06 | BC94: 196460.03 | BD94: 196641.5 | BE94: 192979.61 | BF94: 782569.2 | BG94: 185340.58 | BH94: 186792.05 | BI94: 186404.26 | BJ94: 188803.35 | BK94: 747340.24 | BL94: 182021.93 | BM94: 188956.86 | BN94: 188906.4 | BO94: 181657.16 | BP94: 741542.35 | BQ94: 174094.28 | BR94: 183519.06 | BS94: 184203.23 | BT94: 182990.3 | BU94: 724806.87 | BV94: 175101.94 | BW94: 182883.22 | BX94: 178275.83 | BY94: 180639.61 | BZ94: 716900.6 | CA94: =SUM(CA95:CA98) -> 177077.89 | CB94: =SUM(CB95:CB98) -> 181982.3 | CC94: =SUM(CC95:CC98) -> 186894.04 | CD94: =SUM(CD95:CD98) -> 181328.31 | CE94: =SUM(CE95:CE98) -> 727282.53 | CF94: =SUM(CF95:CF98) -> 180131.15 | CG94: =SUM(CG95:CG98) -> 200088.19 | CH94: =SUM(CH95:CH98) -> 182603.51 | ... CO94: =SUM(CO95:CO98) -> 732634.51
B95: 1 | C95: Pertambangan Minyak, Gas dan Panas Bumi | D95: 193555.67 | E95: 190518.4 | F95: 188577.59 | G95: 220174.92 | H95: 792826.59 | I95: 120852.22 | J95: 125319.67 | K95: 136630.61 | L95: 145572.1 | M95: 528374.6 | N95: 109898.66 | O95: 114502.74 | P95: 123417.49 | Q95: 117658.56 | R95: 465477.44 | S95: 120088.06 | T95: 130636.67 | U95: 140831.82 | V95: 136730.76 | W95: 528287.31 | X95: 122913.72 | Y95: 127484.02 | Z95: 132898.22 | AA95: 141786.48 | AB95: 525082.44 | AC95: 124553.82 | AD95: 134795.3 | AE95: 135087.81 | AF95: 134242.95 | AG95: 528679.87 | AH95: 136053.66 | AI95: 149517.37 | AJ95: 159573.54 | AK95: 155187.3 | AL95: 600331.87 | AM95: 152946.85 | AN95: 148841.32 | AO95: 158270.57 | AP95: 166585.39 | AQ95: 626644.14 | AR95: 162301.62 | AS95: 156379.57 | AT95: 162921.42 | AU95: 171480.58 | AV95: 653083.2 | AW95: 170937.94 | AX95: 167418.81 | AY95: 156281.48 | AZ95: 148587.58 | BA95: 643225.81 | BB95: 145234.67 | BC95: 143682.04 | BD95: 141753.79 | BE95: 137855.6 | BF95: 568526.09 | BG95: 131451.83 | BH95: 131211.65 | BI95: 128676.61 | BJ95: 128287.06 | BK95: 519627.16 | BL95: 125435.7 | BM95: 132207.34 | BN95: 132243.81 | BO95: 124099.06 | BP95: 513985.92 | BQ95: 117963.98 | BR95: 123612.67 | BS95: 123622.32 | BT95: 121163.75 | BU95: 486362.73 | BV95: 116176.45 | BW95: 120749.25 | BX95: 115991.83 | BY95: 115795.79 | BZ95: 468713.32 | CA95: 114223.58 | CB95: 117819.86 | CC95: 120164.82 | CD95: 114010.61 | CE95: =SUM(CA95:CD95) -> 466218.87 | CF95: 114700.72 | CG95: 119428.03 | CH95: 113557.37 | CI95: 94500.655 | CJ95: =SUM(CF95:CI95) -> 442186.77 | CK95: 106404.01 | CL95: 105999.33 | CM95: 105745.74 | CN95: 98925.799 | CO95: =SUM(CK95:CN95) -> 417074.87
B96: 2 | C96: Pertambangan Batubara dan Lignit | D96: 0 | E96: 0 | F96: 0 | G96: 0 | H96: 0 | I96: 0 | J96: 0 | K96: 0 | L96: 0 | M96: 0 | N96: 0 | O96: 0 | P96: 0 | Q96: 0 | R96: 0 | S96: 0 | T96: 0 | U96: 0 | V96: 0 | W96: 0 | X96: 0 | Y96: 0 | Z96: 0 | AA96: 0 | AB96: 0 | AC96: 0 | AD96: 0 | AE96: 0 | AF96: 0 | AG96: 0 | AH96: 0 | AI96: 0 | AJ96: 0 | AK96: 0 | AL96: 0 | AM96: 0 | AN96: 0 | AO96: 0 | AP96: 0 | AQ96: 0 | AR96: 0 | AS96: 0 | AT96: 0 | AU96: 0 | AV96: 0 | AW96: 0 | AX96: 0 | AY96: 0 | AZ96: 0 | BA96: 0 | BB96: 0 | BC96: 0 | BD96: 0 | BE96: 0 | BF96: 0 | BG96: 0 | BH96: 0 | BI96: 0 | BJ96: 0 | BK96: 0 | BL96: 0 | BM96: 0 | BN96: 0 | BO96: 0 | BP96: 0 | BQ96: 0 | BR96: 0 | BS96: 0 | BT96: 0 | BU96: 0 | BV96: 0 | BW96: 0 | BX96: 0 | BY96: 0 | BZ96: 0 | CA96: 0 | CB96: 0 | CC96: 0 | CD96: 0 | CE96: =SUM(CA96:CD96) -> 0 | CF96: 0 | CG96: 0 | CH96: 0 | CI96: 0 | CJ96: =SUM(CF96:CI96) -> 0 | CK96: 0 | CL96: 0 | CM96: 0 | CN96: 0 | CO96: =SUM(CK96:CN96) -> 0
B97: 3 | C97: Pertambangan Bijih Logam | D97: 0 | E97: 0 | F97: 0 | G97: 0 | H97: 0 | I97: 0 | J97: 0 | K97: 0 | L97: 0 | M97: 0 | N97: 0 | O97: 0 | P97: 0 | Q97: 0 | R97: 0 | S97: 340.90842 | T97: 356.49466 | U97: 459.28918 | V97: 675.76773 | W97: 1832.46 | X97: 680.22135 | Y97: 503.49465 | Z97: 436.84593 | AA97: 402.25428 | AB97: 2022.8162 | AC97: 158.91592 | AD97: 374.7306 | AE97: 344.24824 | AF97: 357.00524 | AG97: 1234.9 | AH97: 17787.157 | AI97: 14880.851 | AJ97: 15168.124 | AK97: 15292.487 | AL97: 63128.619 | AM97: 4856.2209 | AN97: 4913.1319 | AO97: 4987.5749 | AP97: 4906.4344 | AQ97: 19663.362 | AR97: 4832.3623 | AS97: 4948.0069 | AT97: 5209.6625 | AU97: 5349.7428 | AV97: 20339.775 | AW97: 5442.7808 | AX97: 5573.2998 | AY97: 5716.513 | AZ97: 5880.8678 | BA97: 22613.461 | BB97: 5885.4537 | BC97: 5886.4824 | BD97: 5904.6086 | BE97: 6012.9215 | BF97: 23689.466 | BG97: 6119.3501 | BH97: 6133.3583 | BI97: 6429.508 | BJ97: 6579.4868 | BK97: 25261.703 | BL97: 6584.0674 | BM97: 6588.0574 | BN97: 6130.7929 | BO97: 5932.5021 | BP97: 25235.42 | BQ97: 6147.9015 | BR97: 6566.2536 | BS97: 6591.9213 | BT97: 6624.0752 | BU97: 25930.152 | BV97: 6633.1594 | BW97: 7150.515 | BX97: 7233.4779 | BY97: 7274.6097 | BZ97: 28291.762 | CA97: 7281.1513 | CB97: 7763.6689 | CC97: 7974.4189 | CD97: 7991.2123 | CE97: =SUM(CA97:CD97) -> 31010.451 | CF97: 7712.343 | CG97: 21103.42 | CH97: 9470.3562 | CI97: 6690.1288 | CJ97: =SUM(CF97:CI97) -> 44976.248 | CK97: 3304.7909 | CL97: 5466.4102 | CM97: 32823.507 | CN97: 33360.949 | CO97: =SUM(CK97:CN97) -> 74955.657
B98: 4 | C98: Pertambangan dan Penggalian Lainnya | D98: 21918.672 | E98: 21939.025 | F98: 22316.698 | G98: 23080.805 | H98: 89255.201 | I98: 23630.855 | J98: 24486.582 | K98: 25754.977 | L98: 27514.56 | M98: 101386.97 | N98: 26444.702 | O98: 28226.272 | P98: 29271.276 | Q98: 30085.974 | R98: 114028.22 | S98: 29498.713 | T98: 30458.593 | U98: 31295.55 | V98: 33137.793 | W98: 124390.65 | X98: 33237.624 | Y98: 34467.298 | Z98: 33688.759 | AA98: 34964.664 | AB98: 136358.34 | AC98: 32842.536 | AD98: 34812.274 | AE98: 37208.617 | AF98: 39647.625 | AG98: 144511.05 | AH98: 37398.71 | AI98: 38357.99 | AJ98: 39566.27 | AK98: 40432.77 | AL98: 155755.74 | AM98: 38399 | AN98: 41449.268 | AO98: 42154.991 | AP98: 42961.742 | AQ98: 164965 | AR98: 40824.785 | AS98: 41826.377 | AT98: 42729.54 | AU98: 44165.009 | AV98: 169545.71 | AW98: 42411.62 | AX98: 43858.163 | AY98: 45581.901 | AZ98: 47066.871 | BA98: 178918.55 | BB98: 45367.937 | BC98: 46891.508 | BD98: 48983.105 | BE98: 49111.087 | BF98: 190353.64 | BG98: 47769.393 | BH98: 49447.039 | BI98: 51298.137 | BJ98: 53936.799 | BK98: 202451.37 | BL98: 50002.162 | BM98: 50161.459 | BN98: 50531.795 | BO98: 51625.599 | BP98: 202321.02 | BQ98: 49982.394 | BR98: 53340.133 | BS98: 53988.989 | BT98: 55202.471 | BU98: 212513.99 | BV98: 52292.323 | BW98: 54983.457 | BX98: 55050.526 | BY98: 57569.215 | BZ98: 219895.52 | CA98: 55573.162 | CB98: 56398.765 | CC98: 58754.796 | CD98: 59326.485 | CE98: =SUM(CA98:CD98) -> 230053.21 | CF98: 57718.094 | CG98: 59556.744 | CH98: 59575.782 | CI98: 60845.55 | CJ98: =SUM(CF98:CI98) -> 237696.17 | CK98: 58074.514 | CL98: 58445.993 | CM98: 61138.993 | CN98: 62944.485 | CO98: =SUM(CK98:CN98) -> 240603.98
A99: C | B99: Industri Pengolahan | D99: 221934.06 | E99: 230668.11 | F99: 241056.79 | G99: 247724.48 | H99: 941383.45 | I99: 243386.52 | J99: 243198.08 | K99: 242837.09 | L99: 251069.85 | M99: 980491.54 | N99: 257107.03 | O99: 245057.78 | P99: 247907.97 | Q99: 260956.68 | R99: 1011029.5 | S99: 257003.48 | T99: 268196.38 | U99: 263039.61 | V99: 272449.89 | W99: 1060689.4 | X99: 271947.51 | Y99: 290334.85 | Z99: 282345.28 | AA99: 276551.96 | AB99: 1121179.6 | AC99: 277187.64 | AD99: 290098.71 | AE99: 300805.17 | AF99: 318082.37 | AG99: 1186173.9 | AH99: 313724.9 | AI99: 314958.77 | AJ99: 326455.58 | AK99: 330924 | AL99: 1286063.2 | AM99: 324410.55 | AN99: 328442.31 | AO99: 333502.44 | AP99: 349962.65 | AQ99: 1336317.9 | AR99: 351943.34 | AS99: 352815.12 | AT99: 358364.72 | AU99: 367240.61 | AV99: 1430363.8 | AW99: 367700.99 | AX99: 367604.87 | AY99: 375362.07 | AZ99: 387712.35 | BA99: 1498380.3 | BB99: 394267.07 | BC99: 403381.47 | BD99: 402848.84 | BE99: 406984.81 | BF99: 1607482.2 | BG99: 404048.92 | BH99: 408432.69 | BI99: 414826.65 | BJ99: 423347.17 | BK99: 1650655.4 | BL99: 418924.96 | BM99: 391902.87 | BN99: 400138.64 | BO99: 401619.6 | BP99: 1612586.1 | BQ99: 424423.16 | BR99: 438750.69 | BS99: 459695.63 | BT99: 475719.96 | BU99: 1798589.4 | BV99: 494063.36 | BW99: 504676.8 | BX99: 513417.22 | BY99: 507464.33 | BZ99: 2019621.7 | CA99: =SUM(CA100:CA115) -> 580913.59 | CB99: =SUM(CB100:CB115) -> 608179.35 | CC99: =SUM(CC100:CC115) -> 583902.35 | CD99: =SUM(CD100:CD115) -> 577165.89 | CE99: =SUM(CE100:CE115) -> 2350161.2 | CF99: =SUM(CF100:CF115) -> 618238.86 | CG99: =SUM(CG100:CG115) -> 529719.05 | CH99: =SUM(CH100:CH115) -> 651805.42 | ... CO99: =SUM(CO100:CO115) -> 2574937.9
B100: 1 | C100: Industri Batubara dan Pengilangan Migas | D100: 0 | E100: 0 | F100: 0 | G100: 0 | H100: 0 | I100: 0 | J100: 0 | K100: 0 | L100: 0 | M100: 0 | N100: 0 | O100: 0 | P100: 0 | Q100: 0 | R100: 0 | S100: 0 | T100: 0 | U100: 0 | V100: 0 | W100: 0 | X100: 0 | Y100: 0 | Z100: 0 | AA100: 0 | AB100: 0 | AC100: 0 | AD100: 0 | AE100: 0 | AF100: 0 | AG100: 0 | AH100: 0 | AI100: 0 | AJ100: 0 | AK100: 0 | AL100: 0 | AM100: 0 | AN100: 0 | AO100: 0 | AP100: 0 | AQ100: 0 | AR100: 0 | AS100: 0 | AT100: 0 | AU100: 0 | AV100: 0 | AW100: 0 | AX100: 0 | AY100: 0 | AZ100: 0 | BA100: 0 | BB100: 0 | BC100: 0 | BD100: 0 | BE100: 0 | BF100: 0 | BG100: 0 | BH100: 0 | BI100: 0 | BJ100: 0 | BK100: 0 | BL100: 0 | BM100: 0 | BN100: 0 | BO100: 0 | BP100: 0 | BQ100: 0 | BR100: 0 | BS100: 0 | BT100: 0 | BU100: 0 | BV100: 0 | BW100: 0 | BX100: 0 | BY100: 0 | BZ100: 0 | CA100: 0 | CB100: 0 | CC100: 0 | CD100: 0 | CE100: =SUM(CA100:CD100) -> 0 | CF100: 0 | CG100: 0 | CH100: 0 | CI100: 0 | CJ100: =SUM(CF100:CI100) -> 0 | CK100: 0 | CL100: 0 | CM100: 0 | CN100: 0 | CO100: =SUM(CK100:CN100) -> 0
B101: 2 | C101: Industri Makanan dan Minuman | D101: 62591.051 | E101: 64006.416 | F101: 66010.654 | G101: 67047.172 | H101: 259655.29 | I101: 67501.006 | J101: 68078.707 | K101: 66003.802 | L101: 66177.514 | M101: 267761.03 | N101: 67111.269 | O101: 70577.678 | P101: 68025.36 | Q101: 68719.392 | R101: 274433.7 | S101: 70895.962 | T101: 72082.273 | U101: 73508.204 | V101: 74862.117 | W101: 291348.56 | X101: 71490.409 | Y101: 80055.441 | Z101: 82136.657 | AA101: 80864.857 | AB101: 314547.36 | AC101: 75126.103 | AD101: 81976.924 | AE101: 85134.666 | AF101: 89195.916 | AG101: 331433.61 | AH101: 87111.05 | AI101: 88208.65 | AJ101: 90449.15 | AK101: 93651.05 | AL101: 359419.9 | AM101: 90605.32 | AN101: 96263.228 | AO101: 98983.096 | AP101: 105510.41 | AQ101: 391362.05 | AR101: 99028.26 | AS101: 103872.48 | AT101: 109198.38 | AU101: 113475.27 | AV101: 425574.39 | AW101: 115213.8 | AX101: 114165.62 | AY101: 118035.3 | AZ101: 117314.57 | BA101: 464729.29 | BB101: 120768.88 | BC101: 120595.65 | BD101: 121273.17 | BE101: 125962.31 | BF101: 488600.01 | BG101: 125123.31 | BH101: 125920.84 | BI101: 127140.18 | BJ101: 128073.3 | BK101: 506257.62 | BL101: 125132.52 | BM101: 114226.47 | BN101: 120705.59 | BO101: 123636.22 | BP101: 483700.8 | BQ101: 123620.62 | BR101: 114358.4 | BS101: 120874.61 | BT101: 125676.8 | BU101: 484530.43 | BV101: 132156.65 | BW101: 138287.05 | BX101: 146640.74 | BY101: 154074.61 | BZ101: 571159.04 | CA101: 144199.01 | CB101: 147632.16 | CC101: 153114.47 | CD101: 154544.09 | CE101: =SUM(CA101:CD101) -> 599489.73 | CF101: 155827.54 | CG101: 157573.22 | CH101: 157305.68 | CI101: 168564.66 | CJ101: =SUM(CF101:CI101) -> 639271.1 | CK101: 167903.96 | CL101: 168379.15 | CM101: 182003.41 | CN101: 198987.16 | CO101: =SUM(CK101:CN101) -> 717273.68
B102: 3 | C102: Pengolahan Tembakau | D102: 0 | E102: 0 | F102: 0 | G102: 0 | H102: 0 | I102: 0 | J102: 0 | K102: 0 | L102: 0 | M102: 0 | N102: 0 | O102: 0 | P102: 0 | Q102: 0 | R102: 0 | S102: 0 | T102: 0 | U102: 0 | V102: 0 | W102: 0 | X102: 0 | Y102: 0 | Z102: 0 | AA102: 0 | AB102: 0 | AC102: 0 | AD102: 0 | AE102: 0 | AF102: 0 | AG102: 0 | AH102: 0 | AI102: 0 | AJ102: 0 | AK102: 0 | AL102: 0 | AM102: 0 | AN102: 0 | AO102: 0 | AP102: 0 | AQ102: 0 | AR102: 0 | AS102: 0 | AT102: 0 | AU102: 0 | AV102: 0 | AW102: 0 | AX102: 0 | AY102: 0 | AZ102: 0 | BA102: 0 | BB102: 0 | BC102: 0 | BD102: 0 | BE102: 0 | BF102: 0 | BG102: 0 | BH102: 0 | BI102: 0 | BJ102: 0 | BK102: 0 | BL102: 0 | BM102: 0 | BN102: 0 | BO102: 0 | BP102: 0 | BQ102: 0 | BR102: 0 | BS102: 0 | BT102: 0 | BU102: 0 | BV102: 0 | BW102: 0 | BX102: 0 | BY102: 0 | BZ102: 0 | CA102: 0 | CB102: 0 | CC102: 0 | CD102: 0 | CE102: =SUM(CA102:CD102) -> 0 | CF102: 0 | CG102: 0 | CH102: 0 | CI102: 0 | CJ102: =SUM(CF102:CI102) -> 0 | CK102: 0 | CL102: 0 | CM102: 0 | CN102: 0 | CO102: =SUM(CK102:CN102) -> 0
B103: 4 | C103: Industri Tekstil dan Pakaian Jadi | D103: 958.36361 | E103: 1035.5101 | F103: 1081.1491 | G103: 1198.217 | H103: 4273.2398 | I103: 1121.1296 | J103: 1085.185 | K103: 1087.3284 | L103: 1065.916 | M103: 4359.5591 | N103: 1091.6759 | O103: 1099.9009 | P103: 1111.7436 | Q103: 1145.2093 | R103: 4448.5297 | S103: 1154.1763 | T103: 1158.1614 | U103: 1121.3787 | V103: 1158.5007 | W103: 4592.2172 | X103: 1090.5076 | Y103: 1150.441 | Z103: 1227.6941 | AA103: 1300.3748 | AB103: 4769.0175 | AC103: 1158.7563 | AD103: 1225.1501 | AE103: 1254.9519 | AF103: 1321.3969 | AG103: 4960.2551 | AH103: 1329.4 | AI103: 1344.29 | AJ103: 1367.82 | AK103: 1396.68 | AL103: 5438.19 | AM103: 1341.09 | AN103: 1335.3729 | AO103: 1368.1614 | AP103: 1421.4317 | AQ103: 5466.056 | AR103: 1342.1907 | AS103: 1400.4338 | AT103: 1411.8703 | AU103: 1547.7743 | AV103: 5702.2691 | AW103: 1467.1626 | AX103: 1451.1764 | AY103: 1411.3508 | AZ103: 1563.5567 | BA103: 5893.2464 | BB103: 1580.0084 | BC103: 1544.3199 | BD103: 1587.3231 | BE103: 1715.4834 | BF103: 6427.1348 | BG103: 1650.4528 | BH103: 1705.116 | BI103: 1663.8911 | BJ103: 1776.7174 | BK103: 6796.1773 | BL103: 1715.3233 | BM103: 1655.5181 | BN103: 1661.8618 | BO103: 1669.1383 | BP103: 6701.8415 | BQ103: 1664.7929 | BR103: 1653.4873 | BS103: 1639.7118 | BT103: 1774.4629 | BU103: 6732.4549 | BV103: 1745.9242 | BW103: 1750.6887 | BX103: 1782.6253 | BY103: 1770.4802 | BZ103: 7049.7185 | CA103: 1771.2599 | CB103: 1895.7231 | CC103: 1958.4303 | CD103: 1971.5314 | CE103: =SUM(CA103:CD103) -> 7596.9447 | CF103: 1973.9358 | CG103: 1996.3126 | CH103: 2186.4226 | CI103: 2193.983 | CJ103: =SUM(CF103:CI103) -> 8350.654 | CK103: 2198.4899 | CL103: 2284.8981 | CM103: 2266.7273 | CN103: 2299.3462 | CO103: =SUM(CK103:CN103) -> 9049.4615
B104: 5 | C104: Industri Kulit, Barang dari Kulit dan Alas Kaki | D104: 0 | E104: 0 | F104: 0 | G104: 0 | H104: 0 | I104: 0 | J104: 0 | K104: 0 | L104: 0 | M104: 0 | N104: 0 | O104: 0 | P104: 0 | Q104: 0 | R104: 0 | S104: 0 | T104: 0 | U104: 0 | V104: 0 | W104: 0 | X104: 0 | Y104: 0 | Z104: 0 | AA104: 0 | AB104: 0 | AC104: 0 | AD104: 0 | AE104: 0 | AF104: 0 | AG104: 0 | AH104: 0 | AI104: 0 | AJ104: 0 | AK104: 0 | AL104: 0 | AM104: 0 | AN104: 0 | AO104: 0 | AP104: 0 | AQ104: 0 | AR104: 0 | AS104: 0 | AT104: 0 | AU104: 0 | AV104: 0 | AW104: 0 | AX104: 0 | AY104: 0 | AZ104: 0 | BA104: 0 | BB104: 0 | BC104: 0 | BD104: 0 | BE104: 0 | BF104: 0 | BG104: 0 | BH104: 0 | BI104: 0 | BJ104: 0 | BK104: 0 | BL104: 0 | BM104: 0 | BN104: 0 | BO104: 0 | BP104: 0 | BQ104: 0 | BR104: 0 | BS104: 0 | BT104: 0 | BU104: 0 | BV104: 0 | BW104: 0 | BX104: 0 | BY104: 0 | BZ104: 0 | CA104: 0 | CB104: 0 | CC104: 0 | CD104: 0 | CE104: =SUM(CA104:CD104) -> 0 | CF104: 0 | CG104: 0 | CH104: 0 | CI104: 0 | CJ104: =SUM(CF104:CI104) -> 0 | CK104: 0 | CL104: 0 | CM104: 0 | CN104: 0 | CO104: =SUM(CK104:CN104) -> 0
B105: 6 | C105: Industri Kayu, Barang dari Kayu dan Gabus dan Barang Anyaman dari Bambu, Rotan dan Sejenisnya | D105: 49252.395 | E105: 51915.23 | F105: 53015.966 | G105: 54798.046 | H105: 208981.64 | I105: 54951.259 | J105: 53616.608 | K105: 53821.965 | L105: 54164.075 | M105: 216553.91 | N105: 54630.088 | O105: 54715.742 | P105: 56047.205 | Q105: 59063.259 | R105: 224456.29 | S105: 57730.471 | T105: 56741.944 | U105: 56583.522 | V105: 60127.638 | W105: 231183.57 | X105: 57375.281 | Y105: 57378.466 | Z105: 61109.573 | AA105: 63976.703 | AB105: 239840.02 | AC105: 58640.194 | AD105: 62791.178 | AE105: 64575.799 | AF105: 69392.891 | AG105: 255400.06 | AH105: 68468.8 | AI105: 67619.79 | AJ105: 71602.6 | AK105: 72404.55 | AL105: 280095.74 | AM105: 72673.12 | AN105: 75100.297 | AO105: 77172.788 | AP105: 77478.181 | AQ105: 302424.39 | AR105: 77509.028 | AS105: 75719.913 | AT105: 75029.901 | AU105: 82210.201 | AV105: 310469.04 | AW105: 82202.273 | AX105: 82952.395 | AY105: 86900.344 | AZ105: 87314.145 | BA105: 339369.16 | BB105: 88159.731 | BC105: 91103.374 | BD105: 86617.628 | BE105: 94668.464 | BF105: 360549.2 | BG105: 92610.426 | BH105: 90788.235 | BI105: 92796.184 | BJ105: 99548.652 | BK105: 375743.5 | BL105: 98284.842 | BM105: 89134.924 | BN105: 87329.468 | BO105: 86101.493 | BP105: 360850.73 | BQ105: 85741.277 | BR105: 85177.23 | BS105: 90418.766 | BT105: 102805.01 | BU105: 364142.28 | BV105: 98147.615 | BW105: 100789.88 | BX105: 100798.25 | BY105: 103048.67 | BZ105: 402784.41 | CA105: 100823.68 | CB105: 100916.3 | CC105: 102703.46 | CD105: 97713.098 | CE105: =SUM(CA105:CD105) -> 402156.54 | CF105: 97656.647 | CG105: 97574.744 | CH105: 100525.77 | CI105: 105733.2 | CJ105: =SUM(CF105:CI105) -> 401490.37 | CK105: 97624.048 | CL105: 99678.362 | CM105: 98431.39 | CN105: 98793.265 | CO105: =SUM(CK105:CN105) -> 394527.07
B106: 7 | C106: Industri Kertas dan Barang dari Kertas, Percetakan dan Reproduksi Media Rekaman | D106: 358.77734 | E106: 359.41542 | F106: 378.75948 | G106: 382.06145 | H106: 1479.0137 | I106: 383.2167 | J106: 383.49681 | K106: 380.38596 | L106: 382.99814 | M106: 1530.0976 | N106: 383.77123 | O106: 397.52937 | P106: 411.34222 | Q106: 425.96212 | R106: 1618.6049 | S106: 420.27918 | T106: 417.05254 | U106: 409.32112 | V106: 472.70621 | W106: 1719.359 | X106: 460.12059 | Y106: 432.69858 | Z106: 441.2001 | AA106: 450.15417 | AB106: 1784.1735 | AC106: 477.04668 | AD106: 473.30889 | AE106: 457.25568 | AF106: 450.8355 | AG106: 1858.4468 | AH106: 480.06 | AI106: 475.71 | AJ106: 464.96 | AK106: 466.4 | AL106: 1887.13 | AM106: 484.55 | AN106: 504.58582 | AO106: 510.69318 | AP106: 512.82426 | AQ106: 2012.6533 | AR106: 500.70238 | AS106: 512.59279 | AT106: 542.51028 | AU106: 581.15846 | AV106: 2136.9639 | AW106: 540.81065 | AX106: 563.75255 | AY106: 620.34352 | AZ106: 622.28771 | BA106: 2347.1944 | BB106: 596.59046 | BC106: 647.36857 | BD106: 649.10751 | BE106: 651.45091 | BF106: 2544.5174 | BG106: 655.41039 | BH106: 687.88873 | BI106: 667.75705 | BJ106: 684.19884 | BK106: 2695.255 | BL106: 650.24593 | BM106: 653.70137 | BN106: 708.16168 | BO106: 679.16175 | BP106: 2691.2707 | BQ106: 681.27121 | BR106: 679.14749 | BS106: 710.1009 | BT106: 745.68558 | BU106: 2816.2052 | BV106: 740.35811 | BW106: 746.41851 | BX106: 763.10449 | BY106: 779.05716 | BZ106: 3028.9383 | CA106: 778.53714 | CB106: 780.983 | CC106: 801.05691 | CD106: 851.20959 | CE106: =SUM(CA106:CD106) -> 3211.7866 | CF106: 852.3188 | CG106: 853.77405 | CH106: 860.03016 | CI106: 934.42483 | CJ106: =SUM(CF106:CI106) -> 3500.5478 | CK106: 900.38949 | CL106: 918.80163 | CM106: 938.83 | CN106: 1023.4029 | CO106: =SUM(CK106:CN106) -> 3781.424
B107: 8 | C107: Industri Kimia, Farmasi dan Obat Tradisional | D107: 168.15888 | E107: 177.07509 | F107: 181.95662 | G107: 183.55763 | H107: 710.74822 | I107: 183.65721 | J107: 181.31141 | K107: 182.11365 | L107: 191.22635 | M107: 738.30863 | N107: 192.12659 | O107: 192.42293 | P107: 188.35502 | Q107: 190.47312 | R107: 763.37766 | S107: 197.58963 | T107: 198.00202 | U107: 198.72939 | V107: 206.20875 | W107: 800.52978 | X107: 200.56014 | Y107: 208.49691 | Z107: 213.84698 | AA107: 230.28248 | AB107: 853.18652 | AC107: 219.38155 | AD107: 223.3473 | AE107: 235.22654 | AF107: 243.05678 | AG107: 921.01218 | AH107: 241.45 | AI107: 238.07 | AJ107: 243.05 | AK107: 243.29 | AL107: 965.86 | AM107: 232.51 | AN107: 232.40118 | AO107: 231.37986 | AP107: 225.42409 | AQ107: 921.71513 | AR107: 220.15985 | AS107: 230.44714 | AT107: 230.3777 | AU107: 245.63804 | AV107: 926.62274 | AW107: 254.01239 | AX107: 242.38783 | AY107: 264.50437 | AZ107: 283.23073 | BA107: 1044.1353 | BB107: 283.43448 | BC107: 272.98987 | BD107: 271.15942 | BE107: 267.25654 | BF107: 1094.8403 | BG107: 283.49553 | BH107: 291.71083 | BI107: 297.66398 | BJ107: 283.6963 | BK107: 1156.5666 | BL107: 282.05977 | BM107: 282.32125 | BN107: 291.52806 | BO107: 305.11923 | BP107: 1161.0283 | BQ107: 330.80719 | BR107: 327.7107 | BS107: 338.28098 | BT107: 273.57471 | BU107: 1270.3736 | BV107: 297.91875 | BW107: 363.22503 | BX107: 397.57591 | BY107: 328.23959 | BZ107: 1386.9593 | CA107: 324.00764 | CB107: 329.93399 | CC107: 330.51001 | CD107: 332.09825 | CE107: =SUM(CA107:CD107) -> 1316.5499 | CF107: 333.2497 | CG107: 334.69025 | CH107: 337.16064 | CI107: 339.44464 | CJ107: =SUM(CF107:CI107) -> 1344.5452 | CK107: 339.64632 | CL107: 340.0934 | CM107: 340.84171 | CN107: 345.1567 | CO107: =SUM(CK107:CN107) -> 1365.7381
B108: 9 | C108: Industri Karet, Barang dari Karet dan Plastik | D108: 98276.14 | E108: 102703.18 | F108: 109877.93 | G108: 113428.15 | H108: 424285.4 | I108: 108451.69 | J108: 109073.12 | K108: 110486.67 | L108: 117385.19 | M108: 445396.67 | N108: 121888.57 | O108: 106674.54 | P108: 111191.54 | Q108: 120202.75 | R108: 459957.4 | S108: 115154.89 | T108: 126267.08 | U108: 119126.42 | V108: 123329.83 | W108: 483878.21 | X108: 129628.16 | Y108: 139197.57 | Z108: 124903.3 | AA108: 116434.13 | AB108: 510163.16 | AC108: 129191.71 | AD108: 130522.44 | AE108: 135886.49 | AF108: 143454.22 | AG108: 539054.86 | AH108: 141957.89 | AI108: 143008.58 | AJ108: 148332.16 | AK108: 148567.04 | AL108: 581865.67 | AM108: 145121.34 | AN108: 140864.76 | AO108: 140774.29 | AP108: 150100.53 | AQ108: 576860.92 | AR108: 158127.26 | AS108: 156179.92 | AT108: 156726.55 | AU108: 153926.53 | AV108: 624960.27 | AW108: 152560.7 | AX108: 152668.61 | AY108: 152373.02 | AZ108: 163525.23 | BA108: 621127.56 | BB108: 165993.82 | BC108: 172691.1 | BD108: 175904.1 | BE108: 167941.63 | BF108: 682530.64 | BG108: 168004.9 | BH108: 172748.63 | BI108: 175980.03 | BJ108: 176961.28 | BK108: 693694.83 | BL108: 177007.38 | BM108: 170118.07 | BN108: 173295.26 | BO108: 173392.56 | BP108: 693813.26 | BQ108: 173271.66 | BR108: 173914.4 | BS108: 173992.63 | BT108: 174610.26 | BU108: 695788.94 | BV108: 173579.77 | BW108: 179439.16 | BX108: 179359.43 | BY108: 180146.97 | BZ108: 712525.34 | CA108: 180200.76 | CB108: 178963.42 | CC108: 178631.78 | CD108: 180122.33 | CE108: =SUM(CA108:CD108) -> 717918.29 | CF108: 180076.9 | CG108: 180112.3 | CH108: 179999.12 | CI108: 183784.17 | CJ108: =SUM(CF108:CI108) -> 723972.49 | CK108: 191623.44 | CL108: 199933.7 | CM108: 200573.95 | CN108: 202000.89 | CO108: =SUM(CK108:CN108) -> 794131.98
B109: 10 | C109: Industri Barang Galian bukan Logam | D109: 1422.9467 | E109: 1451.4045 | F109: 1462.8433 | G109: 1489.811 | H109: 5827.0055 | I109: 1535.7154 | J109: 1464.9961 | K109: 1426.7602 | L109: 1592.8233 | M109: 6020.295 | N109: 1630.8473 | O109: 1556.071 | P109: 1557.1906 | Q109: 1621.7792 | R109: 6365.888 | S109: 1821.6614 | T109: 1742.7563 | U109: 1630.5911 | V109: 1593.7987 | W109: 6788.8075 | X109: 1744.0988 | Y109: 1827.5312 | Z109: 1837.6882 | AA109: 1845.6687 | AB109: 7254.9869 | AC109: 1904.3241 | AD109: 1891.949 | AE109: 1962.5976 | AF109: 2025.808 | AG109: 7784.6787 | AH109: 2023.36 | AI109: 1940.2 | AJ109: 2014.7 | AK109: 2036.66 | AL109: 8014.92 | AM109: 2033.61 | AN109: 2123.3431 | AO109: 2119.467 | AP109: 2078.8244 | AQ109: 8355.2444 | AR109: 2182.4439 | AS109: 2132.0907 | AT109: 2130.4201 | AU109: 2068.1812 | AV109: 8513.1359 | AW109: 2229.9172 | AX109: 2283.6427 | AY109: 2245.3622 | AZ109: 2244.8135 | BA109: 9003.7356 | BB109: 2347.9428 | BC109: 2432.6217 | BD109: 2402.076 | BE109: 2403.5926 | BF109: 9586.233 | BG109: 2434.5635 | BH109: 2494.3865 | BI109: 2558.8946 | BJ109: 2811.9647 | BK109: 10299.809 | BL109: 2575.9063 | BM109: 2566.2746 | BN109: 2343.7889 | BO109: 2531.4209 | BP109: 10017.391 | BQ109: 2541.7013 | BR109: 2539.5578 | BS109: 2547.5592 | BT109: 2635.3214 | BU109: 10264.14 | BV109: 2630.3641 | BW109: 2665.3281 | BX109: 2870.1066 | BY109: 2875.5236 | BZ109: 11041.322 | CA109: 2878.83 | CB109: 2908.46 | CC109: 2955.3884 | CD109: 2986.7349 | CE109: =SUM(CA109:CD109) -> 11729.413 | CF109: 2987.7198 | CG109: 2989.2713 | CH109: 3101.9182 | CI109: 3265.6295 | CJ109: =SUM(CF109:CI109) -> 12344.539 | CK109: 3086.4339 | CL109: 3097.615 | CM109: 4071.1954 | CN109: 4075.3693 | CO109: =SUM(CK109:CN109) -> 14330.614
B110: 11 | C110: Industri Logam Dasar | D110: 0 | E110: 0 | F110: 0 | G110: 0 | H110: 0 | I110: 0 | J110: 0 | K110: 0 | L110: 0 | M110: 0 | N110: 0 | O110: 0 | P110: 0 | Q110: 0 | R110: 0 | S110: 0 | T110: 0 | U110: 0 | V110: 0 | W110: 0 | X110: 0 | Y110: 0 | Z110: 0 | AA110: 0 | AB110: 0 | AC110: 0 | AD110: 0 | AE110: 0 | AF110: 0 | AG110: 0 | AH110: 52.32 | AI110: 52.51 | AJ110: 50.8 | AK110: 53.33 | AL110: 208.96 | AM110: 52.11 | AN110: 50.802592 | AO110: 52.76107 | AP110: 54.485985 | AQ110: 210.15965 | AR110: 56.215685 | AS110: 54.254405 | AT110: 56.440386 | AU110: 59.766625 | AV110: 226.6771 | AW110: 59.964619 | AX110: 60.251256 | AY110: 60.443355 | AZ110: 60.882261 | BA110: 241.54149 | BB110: 60.368471 | BC110: 60.96152 | BD110: 61.465425 | BE110: 61.745086 | BF110: 244.5405 | BG110: 61.818471 | BH110: 61.876672 | BI110: 62.067423 | BJ110: 62.514443 | BK110: 248.27701 | BL110: 62.563965 | BM110: 61.693682 | BN110: 61.896665 | BO110: 61.97159 | BP110: 248.1259 | BQ110: 23386.219 | BR110: 46945.26 | BS110: 55314.522 | BT110: 53085.474 | BU110: 178731.48 | BV110: 71138.474 | BW110: 66769.301 | BX110: 65760.386 | BY110: 49381.968 | BZ110: 253050.13 | CA110: 135102.74 | CB110: 160253.62 | CC110: 128810.48 | CD110: 124019.72 | CE110: =SUM(CA110:CD110) -> 548186.55 | CF110: 163953.69 | CG110: 73692.948 | CH110: 192420.68 | CI110: 164350.92 | CJ110: =SUM(CF110:CI110) -> 594418.24 | CK110: 156119.6 | CL110: 73132.192 | CM110: 169938.65 | CN110: 179780.94 | CO110: =SUM(CK110:CN110) -> 578971.38
B111: 12 | C111: Industri Barang dari Logam, Komputer, Barang Elektronik, Optik dan Peralatan Listrik | D111: 46.487544 | E111: 46.669287 | F111: 47.328502 | G111: 47.715426 | H111: 188.20076 | I111: 48.253375 | J111: 47.799137 | K111: 48.85766 | L111: 49.213001 | M111: 194.12317 | N111: 49.268657 | O111: 50.531944 | P111: 50.637133 | Q111: 51.768159 | R111: 202.20589 | S111: 51.589728 | T111: 52.934481 | U111: 52.849412 | V111: 53.856169 | W111: 211.22979 | X111: 53.680614 | Y111: 55.525036 | Z111: 56.215372 | AA111: 55.733364 | AB111: 221.15439 | AC111: 55.523075 | AD111: 58.56609 | AE111: 58.088234 | AF111: 59.647835 | AG111: 231.82523 | AH111: 60.25 | AI111: 58.79 | AJ111: 58.82 | AK111: 60.52 | AL111: 238.38 | AM111: 58.92 | AN111: 57.635816 | AO111: 56.879306 | AP111: 55.246544 | AQ111: 228.68167 | AR111: 58.353635 | AS111: 57.488698 | AT111: 57.541834 | AU111: 56.918962 | AV111: 230.30313 | AW111: 55.475885 | AX111: 54.542844 | AY111: 52.531792 | AZ111: 54.378775 | BA111: 216.9293 | BB111: 54.273237 | BC111: 57.561438 | BD111: 58.902826 | BE111: 59.22212 | BF111: 229.95962 | BG111: 59.536591 | BH111: 58.066626 | BI111: 59.533995 | BJ111: 60.769329 | BK111: 237.90654 | BL111: 58.901664 | BM111: 58.976033 | BN111: 58.562532 | BO111: 59.59 | BP111: 236.03023 | BQ111: 58.867733 | BR111: 58.784108 | BS111: 58.82529 | BT111: 69.363302 | BU111: 245.84043 | BV111: 64.551752 | BW111: 64.621726 | BX111: 64.689095 | BY111: 69.385511 | BZ111: 263.24808 | CA111: 69.251939 | CB111: 69.749751 | CC111: 69.698971 | CD111: 69.343554 | CE111: =SUM(CA111:CD111) -> 278.04421 | CF111: 69.283435 | CG111: 69.796664 | CH111: 69.9868 | CI111: 70.49 | CJ111: =SUM(CF111:CI111) -> 279.5569 | CK111: 70.25797 | CL111: 70.801729 | CM111: 70.703959 | CN111: 70.916139 | CO111: =SUM(CK111:CN111) -> 282.6798
...

Sheet 11 KabKot
A1: TABEL 1. PDRB SERI 2010 ATAS DASAR HARGA BERLAKU MENURUT LAPANGAN USAHA (JUTA RUPIAH)
A2: Propinsi | B2: : | C2: Maluku | D2: Kabupaten/Kota : | E2: 11 Kab/Kota | CG2: =CF9 -> #REF! | CH2: =CG2/CF83*100 -> #REF!
CH3: =CH2/CD453*100-100 -> #REF!
A4: Kategori | B4: Uraian | D4: 2008 | I4: =D4+1 -> 2009 | N4: =I4+1 -> 2010 | S4: =N4+1 -> 2011 | X4: =S4+1 -> 2012 | AC4: =X4+1 -> 2013 | AH4: =AC4+1 -> 2014 | AM4: =AH4+1 -> 2015 | AR4: =AM4+1 -> 2016 | AW4: =AR4+1 -> 2017 | BB4: =AW4+1 -> 2018 | BG4: =BB4+1 -> 2019 | BL4: =BG4+1 -> 2020 | BQ4: =BL4+1 -> 2021 | BV4: =BQ4+1 -> 2022 | CA4: =BV4+1 -> 2023 | CF4: =CA4+1 -> 2024 | CK4: =CF4+1 -> 2025
D5: Q1 | E5: Q2 | F5: Q3 | G5: Q4 | H5: Total | I5: Q1 | J5: Q2 | K5: Q3 | L5: Q4 | M5: Total | N5: Q1 | O5: Q2 | P5: Q3 | Q5: Q4 | R5: Total | S5: Q1 | T5: Q2 | U5: Q3 | V5: Q4 | W5: Total | X5: Q1 | Y5: Q2 | Z5: Q3 | AA5: Q4 | AB5: Total | AC5: Q1 | AD5: Q2 | AE5: Q3 | AF5: Q4 | AG5: Total | AH5: Q1 | AI5: Q2 | AJ5: Q3 | AK5: Q4 | AL5: Total | AM5: Q1 | AN5: Q2 | AO5: Q3 | AP5: Q4 | AQ5: Total | AR5: Q1 | AS5: Q2 | AT5: Q3 | AU5: Q4 | AV5: Total | AW5: Q1 | AX5: Q2 | AY5: Q3 | AZ5: Q4 | BA5: Total | BB5: Q1 | BC5: Q2 | BD5: Q3 | BE5: Q4 | BF5: Total | BG5: Q1 | BH5: Q2 | BI5: Q3 | BJ5: Q4 | BK5: Total | BL5: Q1 | BM5: Q2 | BN5: Q3 | BO5: Q4 | BP5: Total | BQ5: Q1 | BR5: Q2 | BS5: Q3 | BT5: Q4 | BU5: Total | BV5: Q1 | BW5: Q2 | BX5: Q3 | BY5: Q4 | BZ5: Total | CA5: Q1 | CB5: Q2 | CC5: Q3 | CD5: Q4 | CE5: Total | CF5: Q1 | CG5: Q2 | CH5: Q3 | CI5: Q4 | CJ5: Total | CK5: Q1 | CL5: Q2 | CM5: Q3 | CN5: Q4 | CO5: Total
A7: -1 | B7: -2 | D7: -3 | E7: =D7-1 -> -4 | F7: =E7-1 -> -5 | G7: =F7-1 -> -6 | H7: =G7-1 -> -7 | I7: =H7-1 -> -8 | J7: =I7-1 -> -9 | K7: =J7-1 -> -10 | L7: =K7-1 -> -11 | ... CO7: =CN7-1 -> -92
A9: A | B9: Pertanian, Kehutanan, dan Perikanan | D9: =D10+D18+D19 -> #REF! | E9: =E10+E18+E19 -> #REF! | F9: =F10+F18+F19 -> #REF! | G9: =G10+G18+G19 -> #REF! | H9: =H10+H18+H19 -> #REF! | I9: =I10+I18+I19 -> #REF! | J9: =J10+J18+J19 -> #REF! | K9: =K10+K18+K19 -> #REF! | ... CO9: =CO10+CO18+CO19 -> #REF!
B10: 1 | C10: Pertanian, Peternakan, Perburuan dan Jasa Pertanian | D10: =SUM(D11:D17) -> #REF! | E10: =SUM(E11:E17) -> #REF! | F10: =SUM(F11:F17) -> #REF! | G10: =SUM(G11:G17) -> #REF! | H10: =SUM(H11:H17) -> #REF! | I10: =SUM(I11:I17) -> #REF! | J10: =SUM(J11:J17) -> #REF! | K10: =SUM(K11:K17) -> #REF! | ... CO10: =SUM(CO11:CO17) -> #REF!
C11: a. Tanaman Pangan | D11: =SUM(mtb!D11,[3]malra!D11,[4]malteng!D11,[5]buru!D11,[6]aru!D11,[7]sbb!D11,[8]sbt!D11,[9]mbd!D11,[10]bursel!D11,[11]ambon!D11,[12]Tual!D11) -> #REF! | E11: =SUM(mtb!E11,[3]malra!E11,[4]malteng!E11,[5]buru!E11,[6]aru!E11,[7]sbb!E11,[8]sbt!E11,[9]mbd!E11,[10]bursel!E11,[11]ambon!E11,[12]Tual!E11) -> #REF! | F11: =SUM(mtb!F11,[3]malra!F11,[4]malteng!F11,[5]buru!F11,[6]aru!F11,[7]sbb!F11,[8]sbt!F11,[9]mbd!F11,[10]bursel!F11,[11]ambon!F11,[12]Tual!F11) -> #REF! | G11: =SUM(mtb!G11,[3]malra!G11,[4]malteng!G11,[5]buru!G11,[6]aru!G11,[7]sbb!G11,[8]sbt!G11,[9]mbd!G11,[10]bursel!G11,[11]ambon!G11,[12]Tual!G11) -> #REF! | H11: =SUM(D11:G11) -> #REF! | I11: =SUM(mtb!I11,[3]malra!I11,[4]malteng!I11,[5]buru!I11,[6]aru!I11,[7]sbb!I11,[8]sbt!I11,[9]mbd!I11,[10]bursel!I11,[11]ambon!I11,[12]Tual!I11) -> #REF! | J11: =SUM(mtb!J11,[3]malra!J11,[4]malteng!J11,[5]buru!J11,[6]aru!J11,[7]sbb!J11,[8]sbt!J11,[9]mbd!J11,[10]bursel!J11,[11]ambon!J11,[12]Tual!J11) -> #REF! | K11: =SUM(mtb!K11,[3]malra!K11,[4]malteng!K11,[5]buru!K11,[6]aru!K11,[7]sbb!K11,[8]sbt!K11,[9]mbd!K11,[10]bursel!K11,[11]ambon!K11,[12]Tual!K11) -> #REF! | L11: =SUM(mtb!L11,[3]malra!L11,[4]malteng!L11,[5]buru!L11,[6]aru!L11,[7]sbb!L11,[8]sbt!L11,[9]mbd!L11,[10]bursel!L11,[11]ambon!L11,[12]Tual!L11) -> #REF! | M11: =SUM(I11:L11) -> #REF! | N11: =SUM(mtb!N11,[3]malra!N11,[4]malteng!N11,[5]buru!N11,[6]aru!N11,[7]sbb!N11,[8]sbt!N11,[9]mbd!N11,[10]bursel!N11,[11]ambon!N11,[12]Tual!N11) -> #REF! | O11: =SUM(mtb!O11,[3]malra!O11,[4]malteng!O11,[5]buru!O11,[6]aru!O11,[7]sbb!O11,[8]sbt!O11,[9]mbd!O11,[10]bursel!O11,[11]ambon!O11,[12]Tual!O11) -> #REF! | P11: =SUM(mtb!P11,[3]malra!P11,[4]malteng!P11,[5]buru!P11,[6]aru!P11,[7]sbb!P11,[8]sbt!P11,[9]mbd!P11,[10]bursel!P11,[11]ambon!P11,[12]Tual!P11) -> #REF! | Q11: =SUM(mtb!Q11,[3]malra!Q11,[4]malteng!Q11,[5]buru!Q11,[6]aru!Q11,[7]sbb!Q11,[8]sbt!Q11,[9]mbd!Q11,[10]bursel!Q11,[11]ambon!Q11,[12]Tual!Q11) -> #REF! | R11: =SUM(N11:Q11) -> #REF! | S11: =SUM(mtb!S11,[3]malra!S11,[4]malteng!S11,[5]buru!S11,[6]aru!S11,[7]sbb!S11,[8]sbt!S11,[9]mbd!S11,[10]bursel!S11,[11]ambon!S11,[12]Tual!S11) -> #REF! | T11: =SUM(mtb!T11,[3]malra!T11,[4]malteng!T11,[5]buru!T11,[6]aru!T11,[7]sbb!T11,[8]sbt!T11,[9]mbd!T11,[10]bursel!T11,[11]ambon!T11,[12]Tual!T11) -> #REF! | U11: =SUM(mtb!U11,[3]malra!U11,[4]malteng!U11,[5]buru!U11,[6]aru!U11,[7]sbb!U11,[8]sbt!U11,[9]mbd!U11,[10]bursel!U11,[11]ambon!U11,[12]Tual!U11) -> #REF! | V11: =SUM(mtb!V11,[3]malra!V11,[4]malteng!V11,[5]buru!V11,[6]aru!V11,[7]sbb!V11,[8]sbt!V11,[9]mbd!V11,[10]bursel!V11,[11]ambon!V11,[12]Tual!V11) -> #REF! | W11: =SUM(S11:V11) -> #REF! | X11: =SUM(mtb!X11,[3]malra!X11,[4]malteng!X11,[5]buru!X11,[6]aru!X11,[7]sbb!X11,[8]sbt!X11,[9]mbd!X11,[10]bursel!X11,[11]ambon!X11,[12]Tual!X11) -> #REF! | Y11: =SUM(mtb!Y11,[3]malra!Y11,[4]malteng!Y11,[5]buru!Y11,[6]aru!Y11,[7]sbb!Y11,[8]sbt!Y11,[9]mbd!Y11,[10]bursel!Y11,[11]ambon!Y11,[12]Tual!Y11) -> #REF! | Z11: =SUM(mtb!Z11,[3]malra!Z11,[4]malteng!Z11,[5]buru!Z11,[6]aru!Z11,[7]sbb!Z11,[8]sbt!Z11,[9]mbd!Z11,[10]bursel!Z11,[11]ambon!Z11,[12]Tual!Z11) -> #REF! | AA11: =SUM(mtb!AA11,[3]malra!AA11,[4]malteng!AA11,[5]buru!AA11,[6]aru!AA11,[7]sbb!AA11,[8]sbt!AA11,[9]mbd!AA11,[10]bursel!AA11,[11]ambon!AA11,[12]Tual!AA11) -> #REF! | AB11: =SUM(X11:AA11) -> #REF! | AC11: =SUM(mtb!AC11,[3]malra!AC11,[4]malteng!AC11,[5]buru!AC11,[6]aru!AC11,[7]sbb!AC11,[8]sbt!AC11,[9]mbd!AC11,[10]bursel!AC11,[11]ambon!AC11,[12]Tual!AC11) -> #REF! | AD11: =SUM(mtb!AD11,[3]malra!AD11,[4]malteng!AD11,[5]buru!AD11,[6]aru!AD11,[7]sbb!AD11,[8]sbt!AD11,[9]mbd!AD11,[10]bursel!AD11,[11]ambon!AD11,[12]Tual!AD11) -> #REF! | AE11: =SUM(mtb!AE11,[3]malra!AE11,[4]malteng!AE11,[5]buru!AE11,[6]aru!AE11,[7]sbb!AE11,[8]sbt!AE11,[9]mbd!AE11,[10]bursel!AE11,[11]ambon!AE11,[12]Tual!AE11) -> #REF! | AF11: =SUM(mtb!AF11,[3]malra!AF11,[4]malteng!AF11,[5]buru!AF11,[6]aru!AF11,[7]sbb!AF11,[8]sbt!AF11,[9]mbd!AF11,[10]bursel!AF11,[11]ambon!AF11,[12]Tual!AF11) -> #REF! | AG11: =SUM(AC11:AF11) -> #REF! | AH11: =SUM(mtb!AH11,[3]malra!AH11,[4]malteng!AH11,[5]buru!AH11,[6]aru!AH11,[7]sbb!AH11,[8]sbt!AH11,[9]mbd!AH11,[10]bursel!AH11,[11]ambon!AH11,[12]Tual!AH11) -> #REF! | AI11: =SUM(mtb!AI11,[3]malra!AI11,[4]malteng!AI11,[5]buru!AI11,[6]aru!AI11,[7]sbb!AI11,[8]sbt!AI11,[9]mbd!AI11,[10]bursel!AI11,[11]ambon!AI11,[12]Tual!AI11) -> #REF! | AJ11: =SUM(mtb!AJ11,[3]malra!AJ11,[4]malteng!AJ11,[5]buru!AJ11,[6]aru!AJ11,[7]sbb!AJ11,[8]sbt!AJ11,[9]mbd!AJ11,[10]bursel!AJ11,[11]ambon!AJ11,[12]Tual!AJ11) -> #REF! | AK11: =SUM(mtb!AK11,[3]malra!AK11,[4]malteng!AK11,[5]buru!AK11,[6]aru!AK11,[7]sbb!AK11,[8]sbt!AK11,[9]mbd!AK11,[10]bursel!AK11,[11]ambon!AK11,[12]Tual!AK11) -> #REF! | AL11: =SUM(AH11:AK11) -> #REF! | AM11: =SUM(mtb!AM11,[3]malra!AM11,[4]malteng!AM11,[5]buru!AM11,[6]aru!AM11,[7]sbb!AM11,[8]sbt!AM11,[9]mbd!AM11,[10]bursel!AM11,[11]ambon!AM11,[12]Tual!AM11) -> #REF! | AN11: =SUM(mtb!AN11,[3]malra!AN11,[4]malteng!AN11,[5]buru!AN11,[6]aru!AN11,[7]sbb!AN11,[8]sbt!AN11,[9]mbd!AN11,[10]bursel!AN11,[11]ambon!AN11,[12]Tual!AN11) -> #REF! | AO11: =SUM(mtb!AO11,[3]malra!AO11,[4]malteng!AO11,[5]buru!AO11,[6]aru!AO11,[7]sbb!AO11,[8]sbt!AO11,[9]mbd!AO11,[10]bursel!AO11,[11]ambon!AO11,[12]Tual!AO11) -> #REF! | AP11: =SUM(mtb!AP11,[3]malra!AP11,[4]malteng!AP11,[5]buru!AP11,[6]aru!AP11,[7]sbb!AP11,[8]sbt!AP11,[9]mbd!AP11,[10]bursel!AP11,[11]ambon!AP11,[12]Tual!AP11) -> #REF! | AQ11: =SUM(AM11:AP11) -> #REF! | AR11: =SUM(mtb!AR11,[3]malra!AR11,[4]malteng!AR11,[5]buru!AR11,[6]aru!AR11,[7]sbb!AR11,[8]sbt!AR11,[9]mbd!AR11,[10]bursel!AR11,[11]ambon!AR11,[12]Tual!AR11) -> #REF! | AS11: =SUM(mtb!AS11,[3]malra!AS11,[4]malteng!AS11,[5]buru!AS11,[6]aru!AS11,[7]sbb!AS11,[8]sbt!AS11,[9]mbd!AS11,[10]bursel!AS11,[11]ambon!AS11,[12]Tual!AS11) -> #REF! | AT11: =SUM(mtb!AT11,[3]malra!AT11,[4]malteng!AT11,[5]buru!AT11,[6]aru!AT11,[7]sbb!AT11,[8]sbt!AT11,[9]mbd!AT11,[10]bursel!AT11,[11]ambon!AT11,[12]Tual!AT11) -> #REF! | AU11: =SUM(mtb!AU11,[3]malra!AU11,[4]malteng!AU11,[5]buru!AU11,[6]aru!AU11,[7]sbb!AU11,[8]sbt!AU11,[9]mbd!AU11,[10]bursel!AU11,[11]ambon!AU11,[12]Tual!AU11) -> #REF! | AV11: =SUM(AR11:AU11) -> #REF! | AW11: =SUM(mtb!AW11,[3]malra!AW11,[4]malteng!AW11,[5]buru!AW11,[6]aru!AW11,[7]sbb!AW11,[8]sbt!AW11,[9]mbd!AW11,[10]bursel!AW11,[11]ambon!AW11,[12]Tual!AW11) -> #REF! | AX11: =SUM(mtb!AX11,[3]malra!AX11,[4]malteng!AX11,[5]buru!AX11,[6]aru!AX11,[7]sbb!AX11,[8]sbt!AX11,[9]mbd!AX11,[10]bursel!AX11,[11]ambon!AX11,[12]Tual!AX11) -> #REF! | AY11: =SUM(mtb!AY11,[3]malra!AY11,[4]malteng!AY11,[5]buru!AY11,[6]aru!AY11,[7]sbb!AY11,[8]sbt!AY11,[9]mbd!AY11,[10]bursel!AY11,[11]ambon!AY11,[12]Tual!AY11) -> #REF! | AZ11: =SUM(mtb!AZ11,[3]malra!AZ11,[4]malteng!AZ11,[5]buru!AZ11,[6]aru!AZ11,[7]sbb!AZ11,[8]sbt!AZ11,[9]mbd!AZ11,[10]bursel!AZ11,[11]ambon!AZ11,[12]Tual!AZ11) -> #REF! | BA11: =SUM(AW11:AZ11) -> #REF! | BB11: =SUM(mtb!BB11,[3]malra!BB11,[4]malteng!BB11,[5]buru!BB11,[6]aru!BB11,[7]sbb!BB11,[8]sbt!BB11,[9]mbd!BB11,[10]bursel!BB11,[11]ambon!BB11,[12]Tual!BB11) -> #REF! | BC11: =SUM(mtb!BC11,[3]malra!BC11,[4]malteng!BC11,[5]buru!BC11,[6]aru!BC11,[7]sbb!BC11,[8]sbt!BC11,[9]mbd!BC11,[10]bursel!BC11,[11]ambon!BC11,[12]Tual!BC11) -> #REF! | BD11: =SUM(mtb!BD11,[3]malra!BD11,[4]malteng!BD11,[5]buru!BD11,[6]aru!BD11,[7]sbb!BD11,[8]sbt!BD11,[9]mbd!BD11,[10]bursel!BD11,[11]ambon!BD11,[12]Tual!BD11) -> #REF! | BE11: =SUM(mtb!BE11,[3]malra!BE11,[4]malteng!BE11,[5]buru!BE11,[6]aru!BE11,[7]sbb!BE11,[8]sbt!BE11,[9]mbd!BE11,[10]bursel!BE11,[11]ambon!BE11,[12]Tual!BE11) -> #REF! | BF11: =SUM(BB11:BE11) -> #REF! | BG11: =SUM(mtb!BG11,[3]malra!BG11,[4]malteng!BG11,[5]buru!BG11,[6]aru!BG11,[7]sbb!BG11,[8]sbt!BG11,[9]mbd!BG11,[10]bursel!BG11,[11]ambon!BG11,[12]Tual!BG11) -> #REF! | BH11: =SUM(mtb!BH11,[3]malra!BH11,[4]malteng!BH11,[5]buru!BH11,[6]aru!BH11,[7]sbb!BH11,[8]sbt!BH11,[9]mbd!BH11,[10]bursel!BH11,[11]ambon!BH11,[12]Tual!BH11) -> #REF! | BI11: =SUM(mtb!BI11,[3]malra!BI11,[4]malteng!BI11,[5]buru!BI11,[6]aru!BI11,[7]sbb!BI11,[8]sbt!BI11,[9]mbd!BI11,[10]bursel!BI11,[11]ambon!BI11,[12]Tual!BI11) -> #REF! | BJ11: =SUM(mtb!BJ11,[3]malra!BJ11,[4]malteng!BJ11,[5]buru!BJ11,[6]aru!BJ11,[7]sbb!BJ11,[8]sbt!BJ11,[9]mbd!BJ11,[10]bursel!BJ11,[11]ambon!BJ11,[12]Tual!BJ11) -> #REF! | BK11: =SUM(BG11:BJ11) -> #REF! | BL11: =SUM(mtb!BL11,[3]malra!BL11,[4]malteng!BL11,[5]buru!BL11,[6]aru!BL11,[7]sbb!BL11,[8]sbt!BL11,[9]mbd!BL11,[10]bursel!BL11,[11]ambon!BL11,[12]Tual!BL11) -> #REF! | BM11: =SUM(mtb!BM11,[3]malra!BM11,[4]malteng!BM11,[5]buru!BM11,[6]aru!BM11,[7]sbb!BM11,[8]sbt!BM11,[9]mbd!BM11,[10]bursel!BM11,[11]ambon!BM11,[12]Tual!BM11) -> #REF! | BN11: =SUM(mtb!BN11,[3]malra!BN11,[4]malteng!BN11,[5]buru!BN11,[6]aru!BN11,[7]sbb!BN11,[8]sbt!BN11,[9]mbd!BN11,[10]bursel!BN11,[11]ambon!BN11,[12]Tual!BN11) -> #REF! | BO11: =SUM(mtb!BO11,[3]malra!BO11,[4]malteng!BO11,[5]buru!BO11,[6]aru!BO11,[7]sbb!BO11,[8]sbt!BO11,[9]mbd!BO11,[10]bursel!BO11,[11]ambon!BO11,[12]Tual!BO11) -> #REF! | BP11: =SUM(BL11:BO11) -> #REF! | BQ11: =SUM(mtb!BQ11,[3]malra!BQ11,[4]malteng!BQ11,[5]buru!BQ11,[6]aru!BQ11,[7]sbb!BQ11,[8]sbt!BQ11,[9]mbd!BQ11,[10]bursel!BQ11,[11]ambon!BQ11,[12]Tual!BQ11) -> #REF! | BR11: =SUM(mtb!BR11,[3]malra!BR11,[4]malteng!BR11,[5]buru!BR11,[6]aru!BR11,[7]sbb!BR11,[8]sbt!BR11,[9]mbd!BR11,[10]bursel!BR11,[11]ambon!BR11,[12]Tual!BR11) -> #REF! | BS11: =SUM(mtb!BS11,[3]malra!BS11,[4]malteng!BS11,[5]buru!BS11,[6]aru!BS11,[7]sbb!BS11,[8]sbt!BS11,[9]mbd!BS11,[10]bursel!BS11,[11]ambon!BS11,[12]Tual!BS11) -> #REF! | BT11: =SUM(mtb!BT11,[3]malra!BT11,[4]malteng!BT11,[5]buru!BT11,[6]aru!BT11,[7]sbb!BT11,[8]sbt!BT11,[9]mbd!BT11,[10]bursel!BT11,[11]ambon!BT11,[12]Tual!BT11) -> #REF! | BU11: =SUM(BQ11:BT11) -> #REF! | BV11: =SUM(mtb!BV11,[3]malra!BV11,[4]malteng!BV11,[5]buru!BV11,[6]aru!BV11,[7]sbb!BV11,[8]sbt!BV11,[9]mbd!BV11,[10]bursel!BV11,[11]ambon!BV11,[12]Tual!BV11) -> #REF! | BW11: =SUM(mtb!BW11,[3]malra!BW11,[4]malteng!BW11,[5]buru!BW11,[6]aru!BW11,[7]sbb!BW11,[8]sbt!BW11,[9]mbd!BW11,[10]bursel!BW11,[11]ambon!BW11,[12]Tual!BW11) -> #REF! | BX11: =SUM(mtb!BX11,[3]malra!BX11,[4]malteng!BX11,[5]buru!BX11,[6]aru!BX11,[7]sbb!BX11,[8]sbt!BX11,[9]mbd!BX11,[10]bursel!BX11,[11]ambon!BX11,[12]Tual!BX11) -> #REF! | BY11: =SUM(mtb!BY11,[3]malra!BY11,[4]malteng!BY11,[5]buru!BY11,[6]aru!BY11,[7]sbb!BY11,[8]sbt!BY11,[9]mbd!BY11,[10]bursel!BY11,[11]ambon!BY11,[12]Tual!BY11) -> #REF! | BZ11: =SUM(BV11:BY11) -> #REF! | CA11: =SUM(mtb!CA11,[3]malra!CA11,[4]malteng!CA11,[5]buru!CA11,[6]aru!CA11,[7]sbb!CA11,[8]sbt!CA11,[9]mbd!CA11,[10]bursel!CA11,[11]ambon!CA11,[12]Tual!CA11) -> #REF! | CB11: =SUM(mtb!CB11,[3]malra!CB11,[4]malteng!CB11,[5]buru!CB11,[6]aru!CB11,[7]sbb!CB11,[8]sbt!CB11,[9]mbd!CB11,[10]bursel!CB11,[11]ambon!CB11,[12]Tual!CB11) -> #REF! | CC11: =SUM(mtb!CC11,[3]malra!CC11,[4]malteng!CC11,[5]buru!CC11,[6]aru!CC11,[7]sbb!CC11,[8]sbt!CC11,[9]mbd!CC11,[10]bursel!CC11,[11]ambon!CC11,[12]Tual!CC11) -> #REF! | CD11: =SUM(mtb!CD11,[3]malra!CD11,[4]malteng!CD11,[5]buru!CD11,[6]aru!CD11,[7]sbb!CD11,[8]sbt!CD11,[9]mbd!CD11,[10]bursel!CD11,[11]ambon!CD11,[12]Tual!CD11) -> #REF! | CE11: =SUM(CA11:CD11) -> #REF! | CF11: =SUM(mtb!CF11,[3]malra!CF11,[4]malteng!CF11,[5]buru!CF11,[6]aru!CF11,[7]sbb!CF11,[8]sbt!CF11,[9]mbd!CF11,[10]bursel!CF11,[11]ambon!CF11,[12]Tual!CF11) -> #REF! | CG11: =SUM(mtb!CG11,[3]malra!CG11,[4]malteng!CG11,[5]buru!CG11,[6]aru!CG11,[7]sbb!CG11,[8]sbt!CG11,[9]mbd!CG11,[10]bursel!CG11,[11]ambon!CG11,[12]Tual!CG11) -> #REF! | CH11: =SUM(mtb!CH11,[3]malra!CH11,[4]malteng!CH11,[5]buru!CH11,[6]aru!CH11,[7]sbb!CH11,[8]sbt!CH11,[9]mbd!CH11,[10]bursel!CH11,[11]ambon!CH11,[12]Tual!CH11) -> #REF! | CI11: =SUM(mtb!CI11,[3]malra!CI11,[4]malteng!CI11,[5]buru!CI11,[6]aru!CI11,[7]sbb!CI11,[8]sbt!CI11,[9]mbd!CI11,[10]bursel!CI11,[11]ambon!CI11,[12]Tual!CI11) -> #REF! | CJ11: =SUM(CF11:CI11) -> #REF! | CK11: =SUM(mtb!CK11,[3]malra!CK11,[4]malteng!CK11,[5]buru!CK11,[6]aru!CK11,[7]sbb!CK11,[8]sbt!CK11,[9]mbd!CK11,[10]bursel!CK11,[11]ambon!CK11,[12]Tual!CK11) -> #REF! | CL11: =SUM(mtb!CL11,[3]malra!CL11,[4]malteng!CL11,[5]buru!CL11,[6]aru!CL11,[7]sbb!CL11,[8]sbt!CL11,[9]mbd!CL11,[10]bursel!CL11,[11]ambon!CL11,[12]Tual!CL11) -> #REF! | CM11: =SUM(mtb!CM11,[3]malra!CM11,[4]malteng!CM11,[5]buru!CM11,[6]aru!CM11,[7]sbb!CM11,[8]sbt!CM11,[9]mbd!CM11,[10]bursel!CM11,[11]ambon!CM11,[12]Tual!CM11) -> #REF! | CN11: =SUM(mtb!CN11,[3]malra!CN11,[4]malteng!CN11,[5]buru!CN11,[6]aru!CN11,[7]sbb!CN11,[8]sbt!CN11,[9]mbd!CN11,[10]bursel!CN11,[11]ambon!CN11,[12]Tual!CN11) -> #REF! | CO11: =SUM(CK11:CN11) -> #REF!
C12: b. Tanaman Hortikultura Semusim | D12: =SUM(mtb!D12,[3]malra!D12,[4]malteng!D12,[5]buru!D12,[6]aru!D12,[7]sbb!D12,[8]sbt!D12,[9]mbd!D12,[10]bursel!D12,[11]ambon!D12,[12]Tual!D12) -> #REF! | E12: =SUM(mtb!E12,[3]malra!E12,[4]malteng!E12,[5]buru!E12,[6]aru!E12,[7]sbb!E12,[8]sbt!E12,[9]mbd!E12,[10]bursel!E12,[11]ambon!E12,[12]Tual!E12) -> #REF! | F12: =SUM(mtb!F12,[3]malra!F12,[4]malteng!F12,[5]buru!F12,[6]aru!F12,[7]sbb!F12,[8]sbt!F12,[9]mbd!F12,[10]bursel!F12,[11]ambon!F12,[12]Tual!F12) -> #REF! | G12: =SUM(mtb!G12,[3]malra!G12,[4]malteng!G12,[5]buru!G12,[6]aru!G12,[7]sbb!G12,[8]sbt!G12,[9]mbd!G12,[10]bursel!G12,[11]ambon!G12,[12]Tual!G12) -> #REF! | H12: =SUM(D12:G12) -> #REF! | I12: =SUM(mtb!I12,[3]malra!I12,[4]malteng!I12,[5]buru!I12,[6]aru!I12,[7]sbb!I12,[8]sbt!I12,[9]mbd!I12,[10]bursel!I12,[11]ambon!I12,[12]Tual!I12) -> #REF! | J12: =SUM(mtb!J12,[3]malra!J12,[4]malteng!J12,[5]buru!J12,[6]aru!J12,[7]sbb!J12,[8]sbt!J12,[9]mbd!J12,[10]bursel!J12,[11]ambon!J12,[12]Tual!J12) -> #REF! | K12: =SUM(mtb!K12,[3]malra!K12,[4]malteng!K12,[5]buru!K12,[6]aru!K12,[7]sbb!K12,[8]sbt!K12,[9]mbd!K12,[10]bursel!K12,[11]ambon!K12,[12]Tual!K12) -> #REF! | L12: =SUM(mtb!L12,[3]malra!L12,[4]malteng!L12,[5]buru!L12,[6]aru!L12,[7]sbb!L12,[8]sbt!L12,[9]mbd!L12,[10]bursel!L12,[11]ambon!L12,[12]Tual!L12) -> #REF! | M12: =SUM(I12:L12) -> #REF! | N12: =SUM(mtb!N12,[3]malra!N12,[4]malteng!N12,[5]buru!N12,[6]aru!N12,[7]sbb!N12,[8]sbt!N12,[9]mbd!N12,[10]bursel!N12,[11]ambon!N12,[12]Tual!N12) -> #REF! | O12: =SUM(mtb!O12,[3]malra!O12,[4]malteng!O12,[5]buru!O12,[6]aru!O12,[7]sbb!O12,[8]sbt!O12,[9]mbd!O12,[10]bursel!O12,[11]ambon!O12,[12]Tual!O12) -> #REF! | P12: =SUM(mtb!P12,[3]malra!P12,[4]malteng!P12,[5]buru!P12,[6]aru!P12,[7]sbb!P12,[8]sbt!P12,[9]mbd!P12,[10]bursel!P12,[11]ambon!P12,[12]Tual!P12) -> #REF! | Q12: =SUM(mtb!Q12,[3]malra!Q12,[4]malteng!Q12,[5]buru!Q12,[6]aru!Q12,[7]sbb!Q12,[8]sbt!Q12,[9]mbd!Q12,[10]bursel!Q12,[11]ambon!Q12,[12]Tual!Q12) -> #REF! | R12: =SUM(N12:Q12) -> #REF! | S12: =SUM(mtb!S12,[3]malra!S12,[4]malteng!S12,[5]buru!S12,[6]aru!S12,[7]sbb!S12,[8]sbt!S12,[9]mbd!S12,[10]bursel!S12,[11]ambon!S12,[12]Tual!S12) -> #REF! | T12: =SUM(mtb!T12,[3]malra!T12,[4]malteng!T12,[5]buru!T12,[6]aru!T12,[7]sbb!T12,[8]sbt!T12,[9]mbd!T12,[10]bursel!T12,[11]ambon!T12,[12]Tual!T12) -> #REF! | U12: =SUM(mtb!U12,[3]malra!U12,[4]malteng!U12,[5]buru!U12,[6]aru!U12,[7]sbb!U12,[8]sbt!U12,[9]mbd!U12,[10]bursel!U12,[11]ambon!U12,[12]Tual!U12) -> #REF! | V12: =SUM(mtb!V12,[3]malra!V12,[4]malteng!V12,[5]buru!V12,[6]aru!V12,[7]sbb!V12,[8]sbt!V12,[9]mbd!V12,[10]bursel!V12,[11]ambon!V12,[12]Tual!V12) -> #REF! | W12: =SUM(S12:V12) -> #REF! | X12: =SUM(mtb!X12,[3]malra!X12,[4]malteng!X12,[5]buru!X12,[6]aru!X12,[7]sbb!X12,[8]sbt!X12,[9]mbd!X12,[10]bursel!X12,[11]ambon!X12,[12]Tual!X12) -> #REF! | Y12: =SUM(mtb!Y12,[3]malra!Y12,[4]malteng!Y12,[5]buru!Y12,[6]aru!Y12,[7]sbb!Y12,[8]sbt!Y12,[9]mbd!Y12,[10]bursel!Y12,[11]ambon!Y12,[12]Tual!Y12) -> #REF! | Z12: =SUM(mtb!Z12,[3]malra!Z12,[4]malteng!Z12,[5]buru!Z12,[6]aru!Z12,[7]sbb!Z12,[8]sbt!Z12,[9]mbd!Z12,[10]bursel!Z12,[11]ambon!Z12,[12]Tual!Z12) -> #REF! | AA12: =SUM(mtb!AA12,[3]malra!AA12,[4]malteng!AA12,[5]buru!AA12,[6]aru!AA12,[7]sbb!AA12,[8]sbt!AA12,[9]mbd!AA12,[10]bursel!AA12,[11]ambon!AA12,[12]Tual!AA12) -> #REF! | AB12: =SUM(X12:AA12) -> #REF! | AC12: =SUM(mtb!AC12,[3]malra!AC12,[4]malteng!AC12,[5]buru!AC12,[6]aru!AC12,[7]sbb!AC12,[8]sbt!AC12,[9]mbd!AC12,[10]bursel!AC12,[11]ambon!AC12,[12]Tual!AC12) -> #REF! | AD12: =SUM(mtb!AD12,[3]malra!AD12,[4]malteng!AD12,[5]buru!AD12,[6]aru!AD12,[7]sbb!AD12,[8]sbt!AD12,[9]mbd!AD12,[10]bursel!AD12,[11]ambon!AD12,[12]Tual!AD12) -> #REF! | AE12: =SUM(mtb!AE12,[3]malra!AE12,[4]malteng!AE12,[5]buru!AE12,[6]aru!AE12,[7]sbb!AE12,[8]sbt!AE12,[9]mbd!AE12,[10]bursel!AE12,[11]ambon!AE12,[12]Tual!AE12) -> #REF! | AF12: =SUM(mtb!AF12,[3]malra!AF12,[4]malteng!AF12,[5]buru!AF12,[6]aru!AF12,[7]sbb!AF12,[8]sbt!AF12,[9]mbd!AF12,[10]bursel!AF12,[11]ambon!AF12,[12]Tual!AF12) -> #REF! | AG12: =SUM(AC12:AF12) -> #REF! | AH12: =SUM(mtb!AH12,[3]malra!AH12,[4]malteng!AH12,[5]buru!AH12,[6]aru!AH12,[7]sbb!AH12,[8]sbt!AH12,[9]mbd!AH12,[10]bursel!AH12,[11]ambon!AH12,[12]Tual!AH12) -> #REF! | AI12: =SUM(mtb!AI12,[3]malra!AI12,[4]malteng!AI12,[5]buru!AI12,[6]aru!AI12,[7]sbb!AI12,[8]sbt!AI12,[9]mbd!AI12,[10]bursel!AI12,[11]ambon!AI12,[12]Tual!AI12) -> #REF! | AJ12: =SUM(mtb!AJ12,[3]malra!AJ12,[4]malteng!AJ12,[5]buru!AJ12,[6]aru!AJ12,[7]sbb!AJ12,[8]sbt!AJ12,[9]mbd!AJ12,[10]bursel!AJ12,[11]ambon!AJ12,[12]Tual!AJ12) -> #REF! | AK12: =SUM(mtb!AK12,[3]malra!AK12,[4]malteng!AK12,[5]buru!AK12,[6]aru!AK12,[7]sbb!AK12,[8]sbt!AK12,[9]mbd!AK12,[10]bursel!AK12,[11]ambon!AK12,[12]Tual!AK12) -> #REF! | AL12: =SUM(AH12:AK12) -> #REF! | AM12: =SUM(mtb!AM12,[3]malra!AM12,[4]malteng!AM12,[5]buru!AM12,[6]aru!AM12,[7]sbb!AM12,[8]sbt!AM12,[9]mbd!AM12,[10]bursel!AM12,[11]ambon!AM12,[12]Tual!AM12) -> #REF! | AN12: =SUM(mtb!AN12,[3]malra!AN12,[4]malteng!AN12,[5]buru!AN12,[6]aru!AN12,[7]sbb!AN12,[8]sbt!AN12,[9]mbd!AN12,[10]bursel!AN12,[11]ambon!AN12,[12]Tual!AN12) -> #REF! | AO12: =SUM(mtb!AO12,[3]malra!AO12,[4]malteng!AO12,[5]buru!AO12,[6]aru!AO12,[7]sbb!AO12,[8]sbt!AO12,[9]mbd!AO12,[10]bursel!AO12,[11]ambon!AO12,[12]Tual!AO12) -> #REF! | AP12: =SUM(mtb!AP12,[3]malra!AP12,[4]malteng!AP12,[5]buru!AP12,[6]aru!AP12,[7]sbb!AP12,[8]sbt!AP12,[9]mbd!AP12,[10]bursel!AP12,[11]ambon!AP12,[12]Tual!AP12) -> #REF! | AQ12: =SUM(AM12:AP12) -> #REF! | AR12: =SUM(mtb!AR12,[3]malra!AR12,[4]malteng!AR12,[5]buru!AR12,[6]aru!AR12,[7]sbb!AR12,[8]sbt!AR12,[9]mbd!AR12,[10]bursel!AR12,[11]ambon!AR12,[12]Tual!AR12) -> #REF! | AS12: =SUM(mtb!AS12,[3]malra!AS12,[4]malteng!AS12,[5]buru!AS12,[6]aru!AS12,[7]sbb!AS12,[8]sbt!AS12,[9]mbd!AS12,[10]bursel!AS12,[11]ambon!AS12,[12]Tual!AS12) -> #REF! | AT12: =SUM(mtb!AT12,[3]malra!AT12,[4]malteng!AT12,[5]buru!AT12,[6]aru!AT12,[7]sbb!AT12,[8]sbt!AT12,[9]mbd!AT12,[10]bursel!AT12,[11]ambon!AT12,[12]Tual!AT12) -> #REF! | AU12: =SUM(mtb!AU12,[3]malra!AU12,[4]malteng!AU12,[5]buru!AU12,[6]aru!AU12,[7]sbb!AU12,[8]sbt!AU12,[9]mbd!AU12,[10]bursel!AU12,[11]ambon!AU12,[12]Tual!AU12) -> #REF! | AV12: =SUM(AR12:AU12) -> #REF! | AW12: =SUM(mtb!AW12,[3]malra!AW12,[4]malteng!AW12,[5]buru!AW12,[6]aru!AW12,[7]sbb!AW12,[8]sbt!AW12,[9]mbd!AW12,[10]bursel!AW12,[11]ambon!AW12,[12]Tual!AW12) -> #REF! | AX12: =SUM(mtb!AX12,[3]malra!AX12,[4]malteng!AX12,[5]buru!AX12,[6]aru!AX12,[7]sbb!AX12,[8]sbt!AX12,[9]mbd!AX12,[10]bursel!AX12,[11]ambon!AX12,[12]Tual!AX12) -> #REF! | AY12: =SUM(mtb!AY12,[3]malra!AY12,[4]malteng!AY12,[5]buru!AY12,[6]aru!AY12,[7]sbb!AY12,[8]sbt!AY12,[9]mbd!AY12,[10]bursel!AY12,[11]ambon!AY12,[12]Tual!AY12) -> #REF! | AZ12: =SUM(mtb!AZ12,[3]malra!AZ12,[4]malteng!AZ12,[5]buru!AZ12,[6]aru!AZ12,[7]sbb!AZ12,[8]sbt!AZ12,[9]mbd!AZ12,[10]bursel!AZ12,[11]ambon!AZ12,[12]Tual!AZ12) -> #REF! | BA12: =SUM(AW12:AZ12) -> #REF! | BB12: =SUM(mtb!BB12,[3]malra!BB12,[4]malteng!BB12,[5]buru!BB12,[6]aru!BB12,[7]sbb!BB12,[8]sbt!BB12,[9]mbd!BB12,[10]bursel!BB12,[11]ambon!BB12,[12]Tual!BB12) -> #REF! | BC12: =SUM(mtb!BC12,[3]malra!BC12,[4]malteng!BC12,[5]buru!BC12,[6]aru!BC12,[7]sbb!BC12,[8]sbt!BC12,[9]mbd!BC12,[10]bursel!BC12,[11]ambon!BC12,[12]Tual!BC12) -> #REF! | BD12: =SUM(mtb!BD12,[3]malra!BD12,[4]malteng!BD12,[5]buru!BD12,[6]aru!BD12,[7]sbb!BD12,[8]sbt!BD12,[9]mbd!BD12,[10]bursel!BD12,[11]ambon!BD12,[12]Tual!BD12) -> #REF! | BE12: =SUM(mtb!BE12,[3]malra!BE12,[4]malteng!BE12,[5]buru!BE12,[6]aru!BE12,[7]sbb!BE12,[8]sbt!BE12,[9]mbd!BE12,[10]bursel!BE12,[11]ambon!BE12,[12]Tual!BE12) -> #REF! | BF12: =SUM(BB12:BE12) -> #REF! | BG12: =SUM(mtb!BG12,[3]malra!BG12,[4]malteng!BG12,[5]buru!BG12,[6]aru!BG12,[7]sbb!BG12,[8]sbt!BG12,[9]mbd!BG12,[10]bursel!BG12,[11]ambon!BG12,[12]Tual!BG12) -> #REF! | BH12: =SUM(mtb!BH12,[3]malra!BH12,[4]malteng!BH12,[5]buru!BH12,[6]aru!BH12,[7]sbb!BH12,[8]sbt!BH12,[9]mbd!BH12,[10]bursel!BH12,[11]ambon!BH12,[12]Tual!BH12) -> #REF! | BI12: =SUM(mtb!BI12,[3]malra!BI12,[4]malteng!BI12,[5]buru!BI12,[6]aru!BI12,[7]sbb!BI12,[8]sbt!BI12,[9]mbd!BI12,[10]bursel!BI12,[11]ambon!BI12,[12]Tual!BI12) -> #REF! | BJ12: =SUM(mtb!BJ12,[3]malra!BJ12,[4]malteng!BJ12,[5]buru!BJ12,[6]aru!BJ12,[7]sbb!BJ12,[8]sbt!BJ12,[9]mbd!BJ12,[10]bursel!BJ12,[11]ambon!BJ12,[12]Tual!BJ12) -> #REF! | BK12: =SUM(BG12:BJ12) -> #REF! | BL12: =SUM(mtb!BL12,[3]malra!BL12,[4]malteng!BL12,[5]buru!BL12,[6]aru!BL12,[7]sbb!BL12,[8]sbt!BL12,[9]mbd!BL12,[10]bursel!BL12,[11]ambon!BL12,[12]Tual!BL12) -> #REF! | BM12: =SUM(mtb!BM12,[3]malra!BM12,[4]malteng!BM12,[5]buru!BM12,[6]aru!BM12,[7]sbb!BM12,[8]sbt!BM12,[9]mbd!BM12,[10]bursel!BM12,[11]ambon!BM12,[12]Tual!BM12) -> #REF! | BN12: =SUM(mtb!BN12,[3]malra!BN12,[4]malteng!BN12,[5]buru!BN12,[6]aru!BN12,[7]sbb!BN12,[8]sbt!BN12,[9]mbd!BN12,[10]bursel!BN12,[11]ambon!BN12,[12]Tual!BN12) -> #REF! | BO12: =SUM(mtb!BO12,[3]malra!BO12,[4]malteng!BO12,[5]buru!BO12,[6]aru!BO12,[7]sbb!BO12,[8]sbt!BO12,[9]mbd!BO12,[10]bursel!BO12,[11]ambon!BO12,[12]Tual!BO12) -> #REF! | BP12: =SUM(BL12:BO12) -> #REF! | BQ12: =SUM(mtb!BQ12,[3]malra!BQ12,[4]malteng!BQ12,[5]buru!BQ12,[6]aru!BQ12,[7]sbb!BQ12,[8]sbt!BQ12,[9]mbd!BQ12,[10]bursel!BQ12,[11]ambon!BQ12,[12]Tual!BQ12) -> #REF! | BR12: =SUM(mtb!BR12,[3]malra!BR12,[4]malteng!BR12,[5]buru!BR12,[6]aru!BR12,[7]sbb!BR12,[8]sbt!BR12,[9]mbd!BR12,[10]bursel!BR12,[11]ambon!BR12,[12]Tual!BR12) -> #REF! | BS12: =SUM(mtb!BS12,[3]malra!BS12,[4]malteng!BS12,[5]buru!BS12,[6]aru!BS12,[7]sbb!BS12,[8]sbt!BS12,[9]mbd!BS12,[10]bursel!BS12,[11]ambon!BS12,[12]Tual!BS12) -> #REF! | BT12: =SUM(mtb!BT12,[3]malra!BT12,[4]malteng!BT12,[5]buru!BT12,[6]aru!BT12,[7]sbb!BT12,[8]sbt!BT12,[9]mbd!BT12,[10]bursel!BT12,[11]ambon!BT12,[12]Tual!BT12) -> #REF! | BU12: =SUM(BQ12:BT12) -> #REF! | BV12: =SUM(mtb!BV12,[3]malra!BV12,[4]malteng!BV12,[5]buru!BV12,[6]aru!BV12,[7]sbb!BV12,[8]sbt!BV12,[9]mbd!BV12,[10]bursel!BV12,[11]ambon!BV12,[12]Tual!BV12) -> #REF! | BW12: =SUM(mtb!BW12,[3]malra!BW12,[4]malteng!BW12,[5]buru!BW12,[6]aru!BW12,[7]sbb!BW12,[8]sbt!BW12,[9]mbd!BW12,[10]bursel!BW12,[11]ambon!BW12,[12]Tual!BW12) -> #REF! | BX12: =SUM(mtb!BX12,[3]malra!BX12,[4]malteng!BX12,[5]buru!BX12,[6]aru!BX12,[7]sbb!BX12,[8]sbt!BX12,[9]mbd!BX12,[10]bursel!BX12,[11]ambon!BX12,[12]Tual!BX12) -> #REF! | BY12: =SUM(mtb!BY12,[3]malra!BY12,[4]malteng!BY12,[5]buru!BY12,[6]aru!BY12,[7]sbb!BY12,[8]sbt!BY12,[9]mbd!BY12,[10]bursel!BY12,[11]ambon!BY12,[12]Tual!BY12) -> #REF! | BZ12: =SUM(BV12:BY12) -> #REF! | CA12: =SUM(mtb!CA12,[3]malra!CA12,[4]malteng!CA12,[5]buru!CA12,[6]aru!CA12,[7]sbb!CA12,[8]sbt!CA12,[9]mbd!CA12,[10]bursel!CA12,[11]ambon!CA12,[12]Tual!CA12) -> #REF! | CB12: =SUM(mtb!CB12,[3]malra!CB12,[4]malteng!CB12,[5]buru!CB12,[6]aru!CB12,[7]sbb!CB12,[8]sbt!CB12,[9]mbd!CB12,[10]bursel!CB12,[11]ambon!CB12,[12]Tual!CB12) -> #REF! | CC12: =SUM(mtb!CC12,[3]malra!CC12,[4]malteng!CC12,[5]buru!CC12,[6]aru!CC12,[7]sbb!CC12,[8]sbt!CC12,[9]mbd!CC12,[10]bursel!CC12,[11]ambon!CC12,[12]Tual!CC12) -> #REF! | CD12: =SUM(mtb!CD12,[3]malra!CD12,[4]malteng!CD12,[5]buru!CD12,[6]aru!CD12,[7]sbb!CD12,[8]sbt!CD12,[9]mbd!CD12,[10]bursel!CD12,[11]ambon!CD12,[12]Tual!CD12) -> #REF! | CE12: =SUM(CA12:CD12) -> #REF! | CF12: =SUM(mtb!CF12,[3]malra!CF12,[4]malteng!CF12,[5]buru!CF12,[6]aru!CF12,[7]sbb!CF12,[8]sbt!CF12,[9]mbd!CF12,[10]bursel!CF12,[11]ambon!CF12,[12]Tual!CF12) -> #REF! | CG12: =SUM(mtb!CG12,[3]malra!CG12,[4]malteng!CG12,[5]buru!CG12,[6]aru!CG12,[7]sbb!CG12,[8]sbt!CG12,[9]mbd!CG12,[10]bursel!CG12,[11]ambon!CG12,[12]Tual!CG12) -> #REF! | CH12: =SUM(mtb!CH12,[3]malra!CH12,[4]malteng!CH12,[5]buru!CH12,[6]aru!CH12,[7]sbb!CH12,[8]sbt!CH12,[9]mbd!CH12,[10]bursel!CH12,[11]ambon!CH12,[12]Tual!CH12) -> #REF! | CI12: =SUM(mtb!CI12,[3]malra!CI12,[4]malteng!CI12,[5]buru!CI12,[6]aru!CI12,[7]sbb!CI12,[8]sbt!CI12,[9]mbd!CI12,[10]bursel!CI12,[11]ambon!CI12,[12]Tual!CI12) -> #REF! | CJ12: =SUM(CF12:CI12) -> #REF! | CK12: =SUM(mtb!CK12,[3]malra!CK12,[4]malteng!CK12,[5]buru!CK12,[6]aru!CK12,[7]sbb!CK12,[8]sbt!CK12,[9]mbd!CK12,[10]bursel!CK12,[11]ambon!CK12,[12]Tual!CK12) -> #REF! | CL12: =SUM(mtb!CL12,[3]malra!CL12,[4]malteng!CL12,[5]buru!CL12,[6]aru!CL12,[7]sbb!CL12,[8]sbt!CL12,[9]mbd!CL12,[10]bursel!CL12,[11]ambon!CL12,[12]Tual!CL12) -> #REF! | CM12: =SUM(mtb!CM12,[3]malra!CM12,[4]malteng!CM12,[5]buru!CM12,[6]aru!CM12,[7]sbb!CM12,[8]sbt!CM12,[9]mbd!CM12,[10]bursel!CM12,[11]ambon!CM12,[12]Tual!CM12) -> #REF! | CN12: =SUM(mtb!CN12,[3]malra!CN12,[4]malteng!CN12,[5]buru!CN12,[6]aru!CN12,[7]sbb!CN12,[8]sbt!CN12,[9]mbd!CN12,[10]bursel!CN12,[11]ambon!CN12,[12]Tual!CN12) -> #REF! | CO12: =SUM(CK12:CN12) -> #REF!
C13: c. Perkebunan Semusim | D13: =SUM(mtb!D13,[3]malra!D13,[4]malteng!D13,[5]buru!D13,[6]aru!D13,[7]sbb!D13,[8]sbt!D13,[9]mbd!D13,[10]bursel!D13,[11]ambon!D13,[12]Tual!D13) -> #REF! | E13: =SUM(mtb!E13,[3]malra!E13,[4]malteng!E13,[5]buru!E13,[6]aru!E13,[7]sbb!E13,[8]sbt!E13,[9]mbd!E13,[10]bursel!E13,[11]ambon!E13,[12]Tual!E13) -> #REF! | F13: =SUM(mtb!F13,[3]malra!F13,[4]malteng!F13,[5]buru!F13,[6]aru!F13,[7]sbb!F13,[8]sbt!F13,[9]mbd!F13,[10]bursel!F13,[11]ambon!F13,[12]Tual!F13) -> #REF! | G13: =SUM(mtb!G13,[3]malra!G13,[4]malteng!G13,[5]buru!G13,[6]aru!G13,[7]sbb!G13,[8]sbt!G13,[9]mbd!G13,[10]bursel!G13,[11]ambon!G13,[12]Tual!G13) -> #REF! | H13: =SUM(D13:G13) -> #REF! | I13: =SUM(mtb!I13,[3]malra!I13,[4]malteng!I13,[5]buru!I13,[6]aru!I13,[7]sbb!I13,[8]sbt!I13,[9]mbd!I13,[10]bursel!I13,[11]ambon!I13,[12]Tual!I13) -> #REF! | J13: =SUM(mtb!J13,[3]malra!J13,[4]malteng!J13,[5]buru!J13,[6]aru!J13,[7]sbb!J13,[8]sbt!J13,[9]mbd!J13,[10]bursel!J13,[11]ambon!J13,[12]Tual!J13) -> #REF! | K13: =SUM(mtb!K13,[3]malra!K13,[4]malteng!K13,[5]buru!K13,[6]aru!K13,[7]sbb!K13,[8]sbt!K13,[9]mbd!K13,[10]bursel!K13,[11]ambon!K13,[12]Tual!K13) -> #REF! | L13: =SUM(mtb!L13,[3]malra!L13,[4]malteng!L13,[5]buru!L13,[6]aru!L13,[7]sbb!L13,[8]sbt!L13,[9]mbd!L13,[10]bursel!L13,[11]ambon!L13,[12]Tual!L13) -> #REF! | M13: =SUM(I13:L13) -> #REF! | N13: =SUM(mtb!N13,[3]malra!N13,[4]malteng!N13,[5]buru!N13,[6]aru!N13,[7]sbb!N13,[8]sbt!N13,[9]mbd!N13,[10]bursel!N13,[11]ambon!N13,[12]Tual!N13) -> #REF! | O13: =SUM(mtb!O13,[3]malra!O13,[4]malteng!O13,[5]buru!O13,[6]aru!O13,[7]sbb!O13,[8]sbt!O13,[9]mbd!O13,[10]bursel!O13,[11]ambon!O13,[12]Tual!O13) -> #REF! | P13: =SUM(mtb!P13,[3]malra!P13,[4]malteng!P13,[5]buru!P13,[6]aru!P13,[7]sbb!P13,[8]sbt!P13,[9]mbd!P13,[10]bursel!P13,[11]ambon!P13,[12]Tual!P13) -> #REF! | Q13: =SUM(mtb!Q13,[3]malra!Q13,[4]malteng!Q13,[5]buru!Q13,[6]aru!Q13,[7]sbb!Q13,[8]sbt!Q13,[9]mbd!Q13,[10]bursel!Q13,[11]ambon!Q13,[12]Tual!Q13) -> #REF! | R13: =SUM(N13:Q13) -> #REF! | S13: =SUM(mtb!S13,[3]malra!S13,[4]malteng!S13,[5]buru!S13,[6]aru!S13,[7]sbb!S13,[8]sbt!S13,[9]mbd!S13,[10]bursel!S13,[11]ambon!S13,[12]Tual!S13) -> #REF! | T13: =SUM(mtb!T13,[3]malra!T13,[4]malteng!T13,[5]buru!T13,[6]aru!T13,[7]sbb!T13,[8]sbt!T13,[9]mbd!T13,[10]bursel!T13,[11]ambon!T13,[12]Tual!T13) -> #REF! | U13: =SUM(mtb!U13,[3]malra!U13,[4]malteng!U13,[5]buru!U13,[6]aru!U13,[7]sbb!U13,[8]sbt!U13,[9]mbd!U13,[10]bursel!U13,[11]ambon!U13,[12]Tual!U13) -> #REF! | V13: =SUM(mtb!V13,[3]malra!V13,[4]malteng!V13,[5]buru!V13,[6]aru!V13,[7]sbb!V13,[8]sbt!V13,[9]mbd!V13,[10]bursel!V13,[11]ambon!V13,[12]Tual!V13) -> #REF! | W13: =SUM(S13:V13) -> #REF! | X13: =SUM(mtb!X13,[3]malra!X13,[4]malteng!X13,[5]buru!X13,[6]aru!X13,[7]sbb!X13,[8]sbt!X13,[9]mbd!X13,[10]bursel!X13,[11]ambon!X13,[12]Tual!X13) -> #REF! | Y13: =SUM(mtb!Y13,[3]malra!Y13,[4]malteng!Y13,[5]buru!Y13,[6]aru!Y13,[7]sbb!Y13,[8]sbt!Y13,[9]mbd!Y13,[10]bursel!Y13,[11]ambon!Y13,[12]Tual!Y13) -> #REF! | Z13: =SUM(mtb!Z13,[3]malra!Z13,[4]malteng!Z13,[5]buru!Z13,[6]aru!Z13,[7]sbb!Z13,[8]sbt!Z13,[9]mbd!Z13,[10]bursel!Z13,[11]ambon!Z13,[12]Tual!Z13) -> #REF! | AA13: =SUM(mtb!AA13,[3]malra!AA13,[4]malteng!AA13,[5]buru!AA13,[6]aru!AA13,[7]sbb!AA13,[8]sbt!AA13,[9]mbd!AA13,[10]bursel!AA13,[11]ambon!AA13,[12]Tual!AA13) -> #REF! | AB13: =SUM(X13:AA13) -> #REF! | AC13: =SUM(mtb!AC13,[3]malra!AC13,[4]malteng!AC13,[5]buru!AC13,[6]aru!AC13,[7]sbb!AC13,[8]sbt!AC13,[9]mbd!AC13,[10]bursel!AC13,[11]ambon!AC13,[12]Tual!AC13) -> #REF! | AD13: =SUM(mtb!AD13,[3]malra!AD13,[4]malteng!AD13,[5]buru!AD13,[6]aru!AD13,[7]sbb!AD13,[8]sbt!AD13,[9]mbd!AD13,[10]bursel!AD13,[11]ambon!AD13,[12]Tual!AD13) -> #REF! | AE13: =SUM(mtb!AE13,[3]malra!AE13,[4]malteng!AE13,[5]buru!AE13,[6]aru!AE13,[7]sbb!AE13,[8]sbt!AE13,[9]mbd!AE13,[10]bursel!AE13,[11]ambon!AE13,[12]Tual!AE13) -> #REF! | AF13: =SUM(mtb!AF13,[3]malra!AF13,[4]malteng!AF13,[5]buru!AF13,[6]aru!AF13,[7]sbb!AF13,[8]sbt!AF13,[9]mbd!AF13,[10]bursel!AF13,[11]ambon!AF13,[12]Tual!AF13) -> #REF! | AG13: =SUM(AC13:AF13) -> #REF! | AH13: =SUM(mtb!AH13,[3]malra!AH13,[4]malteng!AH13,[5]buru!AH13,[6]aru!AH13,[7]sbb!AH13,[8]sbt!AH13,[9]mbd!AH13,[10]bursel!AH13,[11]ambon!AH13,[12]Tual!AH13) -> #REF! | AI13: =SUM(mtb!AI13,[3]malra!AI13,[4]malteng!AI13,[5]buru!AI13,[6]aru!AI13,[7]sbb!AI13,[8]sbt!AI13,[9]mbd!AI13,[10]bursel!AI13,[11]ambon!AI13,[12]Tual!AI13) -> #REF! | AJ13: =SUM(mtb!AJ13,[3]malra!AJ13,[4]malteng!AJ13,[5]buru!AJ13,[6]aru!AJ13,[7]sbb!AJ13,[8]sbt!AJ13,[9]mbd!AJ13,[10]bursel!AJ13,[11]ambon!AJ13,[12]Tual!AJ13) -> #REF! | AK13: =SUM(mtb!AK13,[3]malra!AK13,[4]malteng!AK13,[5]buru!AK13,[6]aru!AK13,[7]sbb!AK13,[8]sbt!AK13,[9]mbd!AK13,[10]bursel!AK13,[11]ambon!AK13,[12]Tual!AK13) -> #REF! | AL13: =SUM(AH13:AK13) -> #REF! | AM13: =SUM(mtb!AM13,[3]malra!AM13,[4]malteng!AM13,[5]buru!AM13,[6]aru!AM13,[7]sbb!AM13,[8]sbt!AM13,[9]mbd!AM13,[10]bursel!AM13,[11]ambon!AM13,[12]Tual!AM13) -> #REF! | AN13: =SUM(mtb!AN13,[3]malra!AN13,[4]malteng!AN13,[5]buru!AN13,[6]aru!AN13,[7]sbb!AN13,[8]sbt!AN13,[9]mbd!AN13,[10]bursel!AN13,[11]ambon!AN13,[12]Tual!AN13) -> #REF! | AO13: =SUM(mtb!AO13,[3]malra!AO13,[4]malteng!AO13,[5]buru!AO13,[6]aru!AO13,[7]sbb!AO13,[8]sbt!AO13,[9]mbd!AO13,[10]bursel!AO13,[11]ambon!AO13,[12]Tual!AO13) -> #REF! | AP13: =SUM(mtb!AP13,[3]malra!AP13,[4]malteng!AP13,[5]buru!AP13,[6]aru!AP13,[7]sbb!AP13,[8]sbt!AP13,[9]mbd!AP13,[10]bursel!AP13,[11]ambon!AP13,[12]Tual!AP13) -> #REF! | AQ13: =SUM(AM13:AP13) -> #REF! | AR13: =SUM(mtb!AR13,[3]malra!AR13,[4]malteng!AR13,[5]buru!AR13,[6]aru!AR13,[7]sbb!AR13,[8]sbt!AR13,[9]mbd!AR13,[10]bursel!AR13,[11]ambon!AR13,[12]Tual!AR13) -> #REF! | AS13: =SUM(mtb!AS13,[3]malra!AS13,[4]malteng!AS13,[5]buru!AS13,[6]aru!AS13,[7]sbb!AS13,[8]sbt!AS13,[9]mbd!AS13,[10]bursel!AS13,[11]ambon!AS13,[12]Tual!AS13) -> #REF! | AT13: =SUM(mtb!AT13,[3]malra!AT13,[4]malteng!AT13,[5]buru!AT13,[6]aru!AT13,[7]sbb!AT13,[8]sbt!AT13,[9]mbd!AT13,[10]bursel!AT13,[11]ambon!AT13,[12]Tual!AT13) -> #REF! | AU13: =SUM(mtb!AU13,[3]malra!AU13,[4]malteng!AU13,[5]buru!AU13,[6]aru!AU13,[7]sbb!AU13,[8]sbt!AU13,[9]mbd!AU13,[10]bursel!AU13,[11]ambon!AU13,[12]Tual!AU13) -> #REF! | AV13: =SUM(AR13:AU13) -> #REF! | AW13: =SUM(mtb!AW13,[3]malra!AW13,[4]malteng!AW13,[5]buru!AW13,[6]aru!AW13,[7]sbb!AW13,[8]sbt!AW13,[9]mbd!AW13,[10]bursel!AW13,[11]ambon!AW13,[12]Tual!AW13) -> #REF! | AX13: =SUM(mtb!AX13,[3]malra!AX13,[4]malteng!AX13,[5]buru!AX13,[6]aru!AX13,[7]sbb!AX13,[8]sbt!AX13,[9]mbd!AX13,[10]bursel!AX13,[11]ambon!AX13,[12]Tual!AX13) -> #REF! | AY13: =SUM(mtb!AY13,[3]malra!AY13,[4]malteng!AY13,[5]buru!AY13,[6]aru!AY13,[7]sbb!AY13,[8]sbt!AY13,[9]mbd!AY13,[10]bursel!AY13,[11]ambon!AY13,[12]Tual!AY13) -> #REF! | AZ13: =SUM(mtb!AZ13,[3]malra!AZ13,[4]malteng!AZ13,[5]buru!AZ13,[6]aru!AZ13,[7]sbb!AZ13,[8]sbt!AZ13,[9]mbd!AZ13,[10]bursel!AZ13,[11]ambon!AZ13,[12]Tual!AZ13) -> #REF! | BA13: =SUM(AW13:AZ13) -> #REF! | BB13: =SUM(mtb!BB13,[3]malra!BB13,[4]malteng!BB13,[5]buru!BB13,[6]aru!BB13,[7]sbb!BB13,[8]sbt!BB13,[9]mbd!BB13,[10]bursel!BB13,[11]ambon!BB13,[12]Tual!BB13) -> #REF! | BC13: =SUM(mtb!BC13,[3]malra!BC13,[4]malteng!BC13,[5]buru!BC13,[6]aru!BC13,[7]sbb!BC13,[8]sbt!BC13,[9]mbd!BC13,[10]bursel!BC13,[11]ambon!BC13,[12]Tual!BC13) -> #REF! | BD13: =SUM(mtb!BD13,[3]malra!BD13,[4]malteng!BD13,[5]buru!BD13,[6]aru!BD13,[7]sbb!BD13,[8]sbt!BD13,[9]mbd!BD13,[10]bursel!BD13,[11]ambon!BD13,[12]Tual!BD13) -> #REF! | BE13: =SUM(mtb!BE13,[3]malra!BE13,[4]malteng!BE13,[5]buru!BE13,[6]aru!BE13,[7]sbb!BE13,[8]sbt!BE13,[9]mbd!BE13,[10]bursel!BE13,[11]ambon!BE13,[12]Tual!BE13) -> #REF! | BF13: =SUM(BB13:BE13) -> #REF! | BG13: =SUM(mtb!BG13,[3]malra!BG13,[4]malteng!BG13,[5]buru!BG13,[6]aru!BG13,[7]sbb!BG13,[8]sbt!BG13,[9]mbd!BG13,[10]bursel!BG13,[11]ambon!BG13,[12]Tual!BG13) -> #REF! | BH13: =SUM(mtb!BH13,[3]malra!BH13,[4]malteng!BH13,[5]buru!BH13,[6]aru!BH13,[7]sbb!BH13,[8]sbt!BH13,[9]mbd!BH13,[10]bursel!BH13,[11]ambon!BH13,[12]Tual!BH13) -> #REF! | BI13: =SUM(mtb!BI13,[3]malra!BI13,[4]malteng!BI13,[5]buru!BI13,[6]aru!BI13,[7]sbb!BI13,[8]sbt!BI13,[9]mbd!BI13,[10]bursel!BI13,[11]ambon!BI13,[12]Tual!BI13) -> #REF! | BJ13: =SUM(mtb!BJ13,[3]malra!BJ13,[4]malteng!BJ13,[5]buru!BJ13,[6]aru!BJ13,[7]sbb!BJ13,[8]sbt!BJ13,[9]mbd!BJ13,[10]bursel!BJ13,[11]ambon!BJ13,[12]Tual!BJ13) -> #REF! | BK13: =SUM(BG13:BJ13) -> #REF! | BL13: =SUM(mtb!BL13,[3]malra!BL13,[4]malteng!BL13,[5]buru!BL13,[6]aru!BL13,[7]sbb!BL13,[8]sbt!BL13,[9]mbd!BL13,[10]bursel!BL13,[11]ambon!BL13,[12]Tual!BL13) -> #REF! | BM13: =SUM(mtb!BM13,[3]malra!BM13,[4]malteng!BM13,[5]buru!BM13,[6]aru!BM13,[7]sbb!BM13,[8]sbt!BM13,[9]mbd!BM13,[10]bursel!BM13,[11]ambon!BM13,[12]Tual!BM13) -> #REF! | BN13: =SUM(mtb!BN13,[3]malra!BN13,[4]malteng!BN13,[5]buru!BN13,[6]aru!BN13,[7]sbb!BN13,[8]sbt!BN13,[9]mbd!BN13,[10]bursel!BN13,[11]ambon!BN13,[12]Tual!BN13) -> #REF! | BO13: =SUM(mtb!BO13,[3]malra!BO13,[4]malteng!BO13,[5]buru!BO13,[6]aru!BO13,[7]sbb!BO13,[8]sbt!BO13,[9]mbd!BO13,[10]bursel!BO13,[11]ambon!BO13,[12]Tual!BO13) -> #REF! | BP13: =SUM(BL13:BO13) -> #REF! | BQ13: =SUM(mtb!BQ13,[3]malra!BQ13,[4]malteng!BQ13,[5]buru!BQ13,[6]aru!BQ13,[7]sbb!BQ13,[8]sbt!BQ13,[9]mbd!BQ13,[10]bursel!BQ13,[11]ambon!BQ13,[12]Tual!BQ13) -> #REF! | BR13: =SUM(mtb!BR13,[3]malra!BR13,[4]malteng!BR13,[5]buru!BR13,[6]aru!BR13,[7]sbb!BR13,[8]sbt!BR13,[9]mbd!BR13,[10]bursel!BR13,[11]ambon!BR13,[12]Tual!BR13) -> #REF! | BS13: =SUM(mtb!BS13,[3]malra!BS13,[4]malteng!BS13,[5]buru!BS13,[6]aru!BS13,[7]sbb!BS13,[8]sbt!BS13,[9]mbd!BS13,[10]bursel!BS13,[11]ambon!BS13,[12]Tual!BS13) -> #REF! | BT13: =SUM(mtb!BT13,[3]malra!BT13,[4]malteng!BT13,[5]buru!BT13,[6]aru!BT13,[7]sbb!BT13,[8]sbt!BT13,[9]mbd!BT13,[10]bursel!BT13,[11]ambon!BT13,[12]Tual!BT13) -> #REF! | BU13: =SUM(BQ13:BT13) -> #REF! | BV13: =SUM(mtb!BV13,[3]malra!BV13,[4]malteng!BV13,[5]buru!BV13,[6]aru!BV13,[7]sbb!BV13,[8]sbt!BV13,[9]mbd!BV13,[10]bursel!BV13,[11]ambon!BV13,[12]Tual!BV13) -> #REF! | BW13: =SUM(mtb!BW13,[3]malra!BW13,[4]malteng!BW13,[5]buru!BW13,[6]aru!BW13,[7]sbb!BW13,[8]sbt!BW13,[9]mbd!BW13,[10]bursel!BW13,[11]ambon!BW13,[12]Tual!BW13) -> #REF! | BX13: =SUM(mtb!BX13,[3]malra!BX13,[4]malteng!BX13,[5]buru!BX13,[6]aru!BX13,[7]sbb!BX13,[8]sbt!BX13,[9]mbd!BX13,[10]bursel!BX13,[11]ambon!BX13,[12]Tual!BX13) -> #REF! | BY13: =SUM(mtb!BY13,[3]malra!BY13,[4]malteng!BY13,[5]buru!BY13,[6]aru!BY13,[7]sbb!BY13,[8]sbt!BY13,[9]mbd!BY13,[10]bursel!BY13,[11]ambon!BY13,[12]Tual!BY13) -> #REF! | BZ13: =SUM(BV13:BY13) -> #REF! | CA13: =SUM(mtb!CA13,[3]malra!CA13,[4]malteng!CA13,[5]buru!CA13,[6]aru!CA13,[7]sbb!CA13,[8]sbt!CA13,[9]mbd!CA13,[10]bursel!CA13,[11]ambon!CA13,[12]Tual!CA13) -> #REF! | CB13: =SUM(mtb!CB13,[3]malra!CB13,[4]malteng!CB13,[5]buru!CB13,[6]aru!CB13,[7]sbb!CB13,[8]sbt!CB13,[9]mbd!CB13,[10]bursel!CB13,[11]ambon!CB13,[12]Tual!CB13) -> #REF! | CC13: =SUM(mtb!CC13,[3]malra!CC13,[4]malteng!CC13,[5]buru!CC13,[6]aru!CC13,[7]sbb!CC13,[8]sbt!CC13,[9]mbd!CC13,[10]bursel!CC13,[11]ambon!CC13,[12]Tual!CC13) -> #REF! | CD13: =SUM(mtb!CD13,[3]malra!CD13,[4]malteng!CD13,[5]buru!CD13,[6]aru!CD13,[7]sbb!CD13,[8]sbt!CD13,[9]mbd!CD13,[10]bursel!CD13,[11]ambon!CD13,[12]Tual!CD13) -> #REF! | CE13: =SUM(CA13:CD13) -> #REF! | CF13: =SUM(mtb!CF13,[3]malra!CF13,[4]malteng!CF13,[5]buru!CF13,[6]aru!CF13,[7]sbb!CF13,[8]sbt!CF13,[9]mbd!CF13,[10]bursel!CF13,[11]ambon!CF13,[12]Tual!CF13) -> #REF! | CG13: =SUM(mtb!CG13,[3]malra!CG13,[4]malteng!CG13,[5]buru!CG13,[6]aru!CG13,[7]sbb!CG13,[8]sbt!CG13,[9]mbd!CG13,[10]bursel!CG13,[11]ambon!CG13,[12]Tual!CG13) -> #REF! | CH13: =SUM(mtb!CH13,[3]malra!CH13,[4]malteng!CH13,[5]buru!CH13,[6]aru!CH13,[7]sbb!CH13,[8]sbt!CH13,[9]mbd!CH13,[10]bursel!CH13,[11]ambon!CH13,[12]Tual!CH13) -> #REF! | CI13: =SUM(mtb!CI13,[3]malra!CI13,[4]malteng!CI13,[5]buru!CI13,[6]aru!CI13,[7]sbb!CI13,[8]sbt!CI13,[9]mbd!CI13,[10]bursel!CI13,[11]ambon!CI13,[12]Tual!CI13) -> #REF! | CJ13: =SUM(CF13:CI13) -> #REF! | CK13: =SUM(mtb!CK13,[3]malra!CK13,[4]malteng!CK13,[5]buru!CK13,[6]aru!CK13,[7]sbb!CK13,[8]sbt!CK13,[9]mbd!CK13,[10]bursel!CK13,[11]ambon!CK13,[12]Tual!CK13) -> #REF! | CL13: =SUM(mtb!CL13,[3]malra!CL13,[4]malteng!CL13,[5]buru!CL13,[6]aru!CL13,[7]sbb!CL13,[8]sbt!CL13,[9]mbd!CL13,[10]bursel!CL13,[11]ambon!CL13,[12]Tual!CL13) -> #REF! | CM13: =SUM(mtb!CM13,[3]malra!CM13,[4]malteng!CM13,[5]buru!CM13,[6]aru!CM13,[7]sbb!CM13,[8]sbt!CM13,[9]mbd!CM13,[10]bursel!CM13,[11]ambon!CM13,[12]Tual!CM13) -> #REF! | CN13: =SUM(mtb!CN13,[3]malra!CN13,[4]malteng!CN13,[5]buru!CN13,[6]aru!CN13,[7]sbb!CN13,[8]sbt!CN13,[9]mbd!CN13,[10]bursel!CN13,[11]ambon!CN13,[12]Tual!CN13) -> #REF! | CO13: =SUM(CK13:CN13) -> #REF!
